,Unnamed: 0,sender,date,day,time,length
0,0,MiMs,2019-06-18,Tuesday,02:01 PM,18
1,1,Damo,2019-06-18,Tuesday,02:00 PM,14
2,2,Damo,2019-06-11,Tuesday,07:29 PM,19
3,3,MiMs,2019-05-26,Sunday,10:25 AM,16
4,4,Damo,2019-05-25,Saturday,01:17 AM,16
5,5,MiMs,2019-05-25,Saturday,12:41 AM,18
6,6,Damo,2019-05-24,Friday,03:40 PM,16
7,7,MiMs,2019-05-21,Tuesday,05:30 PM,14
8,8,Damo,2019-05-15,Wednesday,05:57 PM,18
9,9,Damo,2019-05-08,Wednesday,11:16 PM,40
10,10,MiMs,2019-05-08,Wednesday,11:00 PM,14
11,11,Damo,2019-05-02,Thursday,12:06 PM,17
12,12,MiMs,2019-05-02,Thursday,11:34 AM,14
13,13,MiMs,2019-04-27,Saturday,03:20 PM,75
14,14,MiMs,2019-04-22,Monday,02:32 PM,10
15,15,MiMs,2019-04-05,Friday,10:13 AM,31
16,16,Damo,2019-03-28,Thursday,04:35 PM,13
17,17,Damo,2019-03-20,Wednesday,04:05 PM,18
18,18,MiMs,2019-03-20,Wednesday,04:04 PM,14
19,19,MiMs,2019-03-07,Thursday,10:06 AM,10
20,20,Damo,2019-02-15,Friday,10:42 AM,18
21,21,MiMs,2019-02-15,Friday,10:39 AM,18
22,22,Damo,2019-02-12,Tuesday,05:24 PM,14
23,23,MiMs,2015-06-11,Thursday,09:54 AM,29
24,24,MiMs,2015-06-10,Wednesday,07:50 PM,12
25,25,Damo,2015-06-10,Wednesday,07:50 PM,33
26,26,MiMs,2015-06-10,Wednesday,07:01 PM,24
27,27,MiMs,2015-06-09,Tuesday,11:20 PM,30
28,28,MiMs,2015-06-09,Tuesday,11:19 PM,25
29,29,Damo,2015-06-09,Tuesday,11:19 PM,10
30,30,MiMs,2015-06-09,Tuesday,12:15 PM,14
31,31,Damo,2015-06-09,Tuesday,12:14 PM,27
32,32,MiMs,2015-05-25,Monday,11:28 PM,12
33,33,Damo,2015-05-25,Monday,11:27 PM,101
34,34,Damo,2015-05-21,Thursday,11:49 PM,16
35,35,MiMs,2015-05-21,Thursday,11:43 PM,8
36,36,Damo,2015-05-21,Thursday,12:14 AM,16
37,37,MiMs,2015-05-21,Thursday,12:13 AM,10
38,38,MiMs,2015-05-20,Wednesday,11:50 PM,10
39,39,Damo,2015-05-19,Tuesday,11:04 PM,19
40,40,MiMs,2015-05-19,Tuesday,10:59 PM,12
41,41,Damo,2015-05-18,Monday,12:04 AM,136
42,42,MiMs,2015-05-17,Sunday,11:17 PM,10
43,43,Damo,2015-05-16,Saturday,11:52 PM,22
44,44,MiMs,2015-05-16,Saturday,11:51 PM,21
45,45,MiMs,2015-05-16,Saturday,11:51 PM,42
46,46,MiMs,2015-05-16,Saturday,12:03 AM,14
47,47,Damo,2015-05-14,Thursday,10:24 PM,23
48,48,MiMs,2015-05-14,Thursday,10:20 PM,42
49,49,MiMs,2015-05-12,Tuesday,04:43 PM,22
50,50,Damo,2015-05-12,Tuesday,12:24 AM,12
51,51,Damo,2015-05-10,Sunday,11:08 PM,28
52,52,MiMs,2015-05-10,Sunday,11:08 PM,10
53,53,Damo,2015-05-10,Sunday,12:02 AM,20
54,54,MiMs,2015-05-09,Saturday,11:55 PM,10
55,55,MiMs,2015-05-08,Friday,10:46 PM,51
56,56,Damo,2015-05-08,Friday,10:45 PM,14
57,57,MiMs,2015-05-08,Friday,10:50 AM,89
58,58,MiMs,2015-05-08,Friday,10:17 AM,10
59,59,MiMs,2015-05-08,Friday,10:17 AM,39
60,60,Damo,2015-05-08,Friday,12:58 AM,14
61,61,MiMs,2015-05-08,Friday,12:58 AM,13
62,62,MiMs,2015-05-07,Thursday,01:01 AM,15
63,63,Damo,2015-05-07,Thursday,01:00 AM,30
64,64,MiMs,2015-05-05,Tuesday,11:38 PM,12
65,65,Damo,2015-05-05,Tuesday,11:18 PM,14
66,66,Damo,2015-05-04,Monday,11:49 PM,87
67,67,MiMs,2015-05-04,Monday,11:45 PM,10
68,68,Damo,2015-05-03,Sunday,12:14 AM,49
69,69,MiMs,2015-05-01,Friday,09:19 PM,14
70,70,Damo,2015-05-01,Friday,09:19 PM,17
71,71,MiMs,2015-05-01,Friday,12:00 AM,24
72,72,MiMs,2015-04-30,Thursday,11:50 PM,21
73,73,Damo,2015-04-30,Thursday,11:50 PM,37
74,74,MiMs,2015-04-29,Wednesday,11:33 PM,17
75,75,MiMs,2015-04-28,Tuesday,10:18 PM,19
76,76,Damo,2015-04-28,Tuesday,10:05 PM,17
77,77,MiMs,2015-04-28,Tuesday,10:04 PM,15
78,78,Damo,2015-04-28,Tuesday,10:00 PM,67
79,79,Damo,2015-04-28,Tuesday,09:55 AM,59
80,80,MiMs,2015-04-28,Tuesday,09:54 AM,15
81,81,MiMs,2015-04-27,Monday,10:52 PM,12
82,82,Damo,2015-04-27,Monday,10:52 PM,18
83,83,MiMs,2015-04-27,Monday,10:43 PM,10
84,84,Damo,2015-04-26,Sunday,11:13 PM,21
85,85,MiMs,2015-04-26,Sunday,11:12 PM,10
86,86,Damo,2015-04-26,Sunday,06:27 PM,78
87,87,Damo,2015-04-25,Saturday,10:27 PM,21
88,88,MiMs,2015-04-25,Saturday,10:22 PM,10
89,89,Damo,2015-04-24,Friday,12:44 AM,19
90,90,MiMs,2015-04-24,Friday,12:42 AM,15
91,91,Damo,2015-04-24,Friday,12:42 AM,21
92,92,Damo,2015-04-23,Thursday,12:08 PM,10
93,93,MiMs,2015-04-22,Wednesday,11:47 PM,10
94,94,Damo,2015-04-22,Wednesday,11:45 PM,29
95,95,Damo,2015-04-22,Wednesday,05:09 PM,10
96,96,Damo,2015-04-21,Tuesday,09:36 PM,15
97,97,MiMs,2015-04-21,Tuesday,09:35 PM,10
98,98,Damo,2015-04-20,Monday,09:08 PM,121
99,99,Damo,2015-04-19,Sunday,09:53 PM,25
100,100,MiMs,2015-04-19,Sunday,09:53 PM,14
101,101,Damo,2015-04-18,Saturday,10:46 PM,31
102,102,MiMs,2015-04-18,Saturday,10:43 PM,20
103,103,MiMs,2014-12-16,Tuesday,12:37 AM,13
104,104,Damo,2014-12-14,Sunday,01:09 AM,20
105,105,MiMs,2014-12-14,Sunday,01:08 AM,25
106,106,Damo,2014-12-12,Friday,11:25 PM,79
107,107,MiMs,2014-12-12,Friday,11:24 PM,18
108,108,MiMs,2014-12-12,Friday,03:30 AM,10
109,109,Damo,2014-12-12,Friday,12:17 AM,49
110,110,MiMs,2014-12-11,Thursday,12:40 PM,28
111,111,Damo,2014-12-11,Thursday,12:04 AM,25
112,112,Damo,2014-12-11,Thursday,12:03 AM,42
113,113,MiMs,2014-12-11,Thursday,12:02 AM,23
114,114,Damo,2014-12-10,Wednesday,10:55 PM,11
115,115,Damo,2014-12-10,Wednesday,01:02 PM,24
116,116,Damo,2014-12-09,Tuesday,10:53 PM,25
117,117,MiMs,2014-12-09,Tuesday,10:52 PM,13
118,118,MiMs,2014-12-09,Tuesday,09:01 AM,51
119,119,Damo,2014-12-09,Tuesday,08:59 AM,36
120,120,MiMs,2014-12-09,Tuesday,08:54 AM,10
121,121,MiMs,2014-12-08,Monday,03:09 PM,26
122,122,MiMs,2014-12-08,Monday,12:59 AM,53
123,123,Damo,2014-12-08,Monday,12:58 AM,210
124,124,MiMs,2014-12-07,Sunday,06:57 PM,15
125,125,MiMs,2014-12-07,Sunday,06:51 PM,39
126,126,Damo,2014-12-06,Saturday,10:43 PM,128
127,127,MiMs,2014-12-06,Saturday,10:43 PM,10
128,128,Damo,2014-12-06,Saturday,05:14 PM,47
129,129,MiMs,2014-12-05,Friday,04:05 PM,37
130,130,MiMs,2014-12-04,Thursday,10:14 PM,8
131,131,Damo,2014-12-04,Thursday,10:11 PM,15
132,132,MiMs,2014-12-03,Wednesday,10:56 PM,17
133,133,Damo,2014-12-03,Wednesday,10:55 PM,58
134,134,MiMs,2014-12-03,Wednesday,10:28 PM,27
135,135,Damo,2014-12-03,Wednesday,09:38 PM,51
136,136,MiMs,2014-12-03,Wednesday,09:38 PM,17
137,137,Damo,2014-12-03,Wednesday,03:30 PM,24
138,138,MiMs,2014-12-03,Wednesday,03:30 PM,15
139,139,Damo,2014-12-02,Tuesday,10:26 PM,45
140,140,MiMs,2014-12-02,Tuesday,10:24 PM,10
141,141,MiMs,2014-12-02,Tuesday,07:49 AM,15
142,142,MiMs,2014-12-02,Tuesday,07:48 AM,34
143,143,Damo,2014-12-02,Tuesday,12:17 AM,63
144,144,MiMs,2014-12-01,Monday,04:50 PM,18
145,145,Damo,2014-12-01,Monday,04:49 PM,19
146,146,MiMs,2014-12-01,Monday,12:23 PM,10
147,147,MiMs,2014-12-01,Monday,12:16 PM,29
148,148,MiMs,2014-12-01,Monday,12:07 AM,60
149,149,Damo,2014-12-01,Monday,12:07 AM,111
150,150,Damo,2014-11-30,Sunday,08:57 PM,25
151,151,MiMs,2014-11-30,Sunday,08:56 PM,15
152,152,MiMs,2014-11-29,Saturday,12:45 AM,16
153,153,Damo,2014-11-28,Friday,08:05 PM,14
154,154,MiMs,2014-11-28,Friday,08:03 PM,10
155,155,MiMs,2014-11-28,Friday,05:29 PM,16
156,156,MiMs,2014-11-25,Tuesday,11:49 AM,50
157,157,Damo,2014-11-24,Monday,08:08 PM,20
158,158,Damo,2014-11-24,Monday,01:10 PM,28
159,159,MiMs,2014-11-24,Monday,01:08 PM,16
160,160,Damo,2014-11-24,Monday,09:11 AM,41
161,161,Damo,2014-11-23,Sunday,10:58 PM,29
162,162,MiMs,2014-11-23,Sunday,10:53 PM,12
163,163,MiMs,2014-11-23,Sunday,07:14 PM,8
164,164,Damo,2014-11-22,Saturday,11:28 PM,24
165,165,Damo,2014-11-22,Saturday,11:28 PM,18
166,166,Damo,2014-11-22,Saturday,01:30 PM,28
167,167,MiMs,2014-11-22,Saturday,01:25 PM,106
168,168,MiMs,2014-11-21,Friday,10:41 AM,26
169,169,MiMs,2014-11-21,Friday,10:40 AM,18
170,170,Damo,2014-11-21,Friday,01:04 AM,13
171,171,MiMs,2014-11-20,Thursday,12:04 AM,36
172,172,Damo,2014-11-20,Thursday,12:03 AM,213
173,173,Damo,2014-11-18,Tuesday,11:27 PM,25
174,174,MiMs,2014-11-18,Tuesday,11:27 PM,25
175,175,Damo,2014-11-18,Tuesday,11:22 PM,85
176,176,Damo,2014-11-18,Tuesday,11:15 PM,52
177,177,MiMs,2014-11-18,Tuesday,11:14 PM,10
178,178,Damo,2014-11-18,Tuesday,12:07 AM,17
179,179,Damo,2014-11-18,Tuesday,12:06 AM,42
180,180,MiMs,2014-11-18,Tuesday,12:05 AM,10
181,181,MiMs,2014-11-17,Monday,03:26 AM,23
182,182,MiMs,2014-11-16,Sunday,01:36 AM,14
183,183,Damo,2014-11-16,Sunday,01:01 AM,21
184,184,MiMs,2014-11-15,Saturday,02:50 PM,57
185,185,Damo,2014-11-15,Saturday,02:50 PM,10
186,186,MiMs,2014-11-15,Saturday,12:45 AM,29
187,187,Damo,2014-11-15,Saturday,12:45 AM,58
188,188,MiMs,2014-11-14,Friday,03:05 PM,30
189,189,Damo,2014-11-14,Friday,03:05 PM,23
190,190,MiMs,2014-11-12,Wednesday,11:23 PM,12
191,191,MiMs,2014-11-12,Wednesday,11:13 PM,8
192,192,MiMs,2014-11-11,Tuesday,11:15 PM,50
193,193,Damo,2014-11-11,Tuesday,11:14 PM,80
194,194,Damo,2014-11-11,Tuesday,10:05 PM,10
195,195,Damo,2014-11-11,Tuesday,05:16 PM,65
196,196,Damo,2014-11-10,Monday,11:55 PM,10
197,197,MiMs,2014-11-10,Monday,11:44 PM,15
198,198,MiMs,2014-11-10,Monday,12:31 PM,31
199,199,MiMs,2014-11-09,Sunday,11:22 PM,136
200,200,Damo,2014-11-09,Sunday,11:22 PM,130
201,201,MiMs,2015-01-28,Wednesday,12:03 AM,24
202,202,Damo,2015-01-28,Wednesday,12:01 AM,73
203,203,Damo,2015-01-26,Monday,10:39 PM,43
204,204,MiMs,2015-01-26,Monday,10:38 PM,12
205,205,Damo,2015-01-26,Monday,07:18 PM,14
206,206,MiMs,2015-01-26,Monday,07:16 PM,16
207,207,Damo,2015-01-25,Sunday,10:55 PM,20
208,208,MiMs,2015-01-25,Sunday,10:54 PM,10
209,209,Damo,2015-01-25,Sunday,09:34 PM,18
210,210,MiMs,2015-01-25,Sunday,09:34 PM,10
211,211,MiMs,2015-01-25,Sunday,01:39 AM,40
212,212,Damo,2015-01-25,Sunday,01:38 AM,25
213,213,Damo,2015-01-23,Friday,11:08 PM,15
214,214,MiMs,2015-01-23,Friday,10:24 PM,32
215,215,Damo,2015-01-23,Friday,04:13 PM,104
216,216,MiMs,2015-01-23,Friday,01:09 AM,14
217,217,MiMs,2015-01-22,Thursday,09:10 PM,20
218,218,Damo,2015-01-22,Thursday,09:09 PM,16
219,219,Damo,2015-01-22,Thursday,12:25 AM,204
220,220,Damo,2015-01-22,Thursday,12:24 AM,44
221,221,MiMs,2015-01-22,Thursday,12:24 AM,18
222,222,MiMs,2015-01-21,Wednesday,11:25 PM,16
223,223,MiMs,2015-01-21,Wednesday,10:50 PM,24
224,224,Damo,2015-01-21,Wednesday,10:50 PM,16
225,225,MiMs,2015-01-21,Wednesday,10:23 PM,55
226,226,Damo,2015-01-21,Wednesday,12:14 AM,43
227,227,MiMs,2015-01-21,Wednesday,12:13 AM,16
228,228,MiMs,2015-01-20,Tuesday,11:20 PM,28
229,229,Damo,2015-01-20,Tuesday,11:20 PM,96
230,230,Damo,2015-01-20,Tuesday,09:38 PM,16
231,231,MiMs,2015-01-20,Tuesday,09:36 PM,10
232,232,Damo,2015-01-20,Tuesday,03:35 PM,61
233,233,MiMs,2015-01-20,Tuesday,03:33 PM,15
234,234,Damo,2015-01-20,Tuesday,12:20 PM,75
235,235,Damo,2015-01-20,Tuesday,12:43 AM,38
236,236,MiMs,2015-01-20,Tuesday,12:43 AM,56
237,237,Damo,2015-01-19,Monday,04:50 PM,18
238,238,MiMs,2015-01-19,Monday,04:50 PM,8
239,239,MiMs,2015-01-19,Monday,04:02 PM,34
240,240,Damo,2015-01-19,Monday,03:52 PM,14
241,241,Damo,2015-01-19,Monday,04:36 AM,45
242,242,MiMs,2015-01-18,Sunday,12:26 AM,11
243,243,Damo,2015-01-18,Sunday,12:24 AM,78
244,244,MiMs,2015-01-18,Sunday,12:16 AM,12
245,245,Damo,2015-01-17,Saturday,10:07 PM,19
246,246,Damo,2015-01-16,Friday,10:55 PM,33
247,247,MiMs,2015-01-16,Friday,10:54 PM,10
248,248,Damo,2015-01-15,Thursday,11:13 AM,66
249,249,Damo,2015-01-14,Wednesday,11:15 PM,24
250,250,MiMs,2015-01-14,Wednesday,11:14 PM,12
251,251,Damo,2015-01-13,Tuesday,11:54 PM,50
252,252,MiMs,2015-01-13,Tuesday,11:53 PM,46
253,253,MiMs,2015-01-13,Tuesday,01:46 AM,25
254,254,Damo,2015-01-13,Tuesday,01:45 AM,22
255,255,MiMs,2015-01-11,Sunday,11:24 PM,15
256,256,Damo,2015-01-11,Sunday,11:24 PM,62
257,257,Damo,2015-01-11,Sunday,11:41 AM,72
258,258,MiMs,2015-01-11,Sunday,11:38 AM,13
259,259,Damo,2015-01-10,Saturday,11:47 PM,14
260,260,MiMs,2015-01-10,Saturday,11:44 PM,60
261,261,Damo,2015-01-09,Friday,01:52 AM,13
262,262,Damo,2015-01-08,Thursday,10:27 PM,61
263,263,MiMs,2015-01-08,Thursday,10:27 PM,30
264,264,MiMs,2015-01-08,Thursday,10:26 PM,10
265,265,Damo,2015-01-07,Wednesday,10:56 PM,18
266,266,MiMs,2015-01-07,Wednesday,09:12 PM,14
267,267,Damo,2015-01-07,Wednesday,08:58 PM,10
268,268,MiMs,2015-01-07,Wednesday,11:07 AM,16
269,269,MiMs,2015-01-06,Tuesday,10:03 PM,8
270,270,Damo,2015-01-05,Monday,12:00 PM,25
271,271,MiMs,2015-01-04,Sunday,11:03 PM,12
272,272,MiMs,2014-12-30,Tuesday,08:48 AM,12
273,273,MiMs,2014-12-29,Monday,10:03 PM,19
274,274,Damo,2014-12-29,Monday,09:51 PM,39
275,275,Damo,2014-12-27,Saturday,11:18 PM,23
276,276,MiMs,2014-12-27,Saturday,11:18 PM,13
277,277,MiMs,2014-12-27,Saturday,01:53 AM,43
278,278,Damo,2014-12-27,Saturday,01:51 AM,28
279,279,Damo,2014-12-25,Thursday,11:17 PM,23
280,280,MiMs,2014-12-23,Tuesday,10:15 PM,16
281,281,Damo,2014-12-23,Tuesday,10:10 PM,74
282,282,Damo,2014-12-21,Sunday,12:12 AM,65
283,283,MiMs,2014-12-21,Sunday,12:10 AM,10
284,284,Damo,2014-12-20,Saturday,09:28 PM,24
285,285,MiMs,2014-12-20,Saturday,09:27 PM,10
286,286,Damo,2014-12-20,Saturday,12:23 AM,17
287,287,MiMs,2014-12-17,Wednesday,12:15 AM,10
288,288,Damo,2014-12-16,Tuesday,06:21 PM,38
289,289,Damo,2015-08-06,Thursday,11:28 AM,10
290,290,Damo,2015-08-05,Wednesday,07:57 PM,31
291,291,MiMs,2015-08-03,Monday,11:46 PM,13
292,292,Damo,2015-08-03,Monday,11:45 PM,44
293,293,MiMs,2015-08-03,Monday,12:39 AM,12
294,294,Damo,2015-08-03,Monday,12:37 AM,13
295,295,Damo,2015-08-02,Sunday,11:35 PM,70
296,296,Damo,2015-08-02,Sunday,11:24 PM,35
297,297,Damo,2015-08-01,Saturday,11:53 PM,51
298,298,Damo,2015-08-01,Saturday,11:52 PM,10
299,299,MiMs,2015-08-01,Saturday,11:46 PM,18
300,300,MiMs,2015-08-01,Saturday,11:45 PM,10
301,301,MiMs,2015-08-01,Saturday,11:37 PM,10
302,302,Damo,2015-08-01,Saturday,12:50 AM,46
303,303,MiMs,2015-08-01,Saturday,12:49 AM,10
304,304,Damo,2015-07-31,Friday,12:12 PM,25
305,305,Damo,2015-07-30,Thursday,11:08 PM,15
306,306,MiMs,2015-07-30,Thursday,11:08 PM,10
307,307,Damo,2015-07-29,Wednesday,10:53 PM,19
308,308,MiMs,2015-07-29,Wednesday,10:50 PM,10
309,309,Damo,2015-07-29,Wednesday,10:47 PM,57
310,310,Damo,2015-07-28,Tuesday,10:55 PM,22
311,311,MiMs,2015-07-28,Tuesday,10:52 PM,10
312,312,MiMs,2015-07-28,Tuesday,07:38 PM,41
313,313,MiMs,2015-07-27,Monday,11:23 PM,12
314,314,Damo,2015-07-27,Monday,11:18 PM,19
315,315,MiMs,2015-07-26,Sunday,11:34 PM,17
316,316,Damo,2015-07-26,Sunday,11:34 PM,66
317,317,Damo,2015-07-26,Sunday,12:50 AM,26
318,318,MiMs,2015-07-26,Sunday,12:50 AM,8
319,319,Damo,2015-07-25,Saturday,08:44 PM,52
320,320,MiMs,2015-07-25,Saturday,08:34 PM,10
321,321,Damo,2015-07-25,Saturday,12:35 AM,20
322,322,MiMs,2015-07-25,Saturday,12:34 AM,10
323,323,Damo,2015-07-24,Friday,01:06 PM,33
324,324,Damo,2015-07-23,Thursday,09:54 PM,19
325,325,MiMs,2015-07-23,Thursday,09:54 PM,14
326,326,MiMs,2015-07-22,Wednesday,11:25 PM,14
327,327,Damo,2015-07-22,Wednesday,11:25 PM,15
328,328,MiMs,2015-07-21,Tuesday,11:03 PM,12
329,329,MiMs,2015-07-21,Tuesday,11:01 PM,172
330,330,MiMs,2015-07-20,Monday,11:05 PM,17
331,331,Damo,2015-07-20,Monday,11:04 PM,10
332,332,MiMs,2015-07-19,Sunday,11:59 PM,12
333,333,Damo,2015-07-19,Sunday,11:59 PM,8
334,334,MiMs,2015-07-19,Sunday,02:31 AM,12
335,335,Damo,2015-07-19,Sunday,02:30 AM,50
336,336,MiMs,2015-07-18,Saturday,12:01 PM,15
337,337,MiMs,2015-07-18,Saturday,01:55 AM,12
338,338,Damo,2015-07-18,Saturday,01:55 AM,11
339,339,MiMs,2015-07-17,Friday,11:15 PM,14
340,340,Damo,2015-07-17,Friday,11:15 PM,10
341,341,MiMs,2015-07-16,Thursday,10:51 PM,26
342,342,Damo,2015-07-16,Thursday,10:50 PM,115
343,343,MiMs,2015-07-15,Wednesday,11:05 PM,12
344,344,Damo,2015-07-15,Wednesday,11:05 PM,18
345,345,MiMs,2015-07-15,Wednesday,01:33 AM,8
346,346,Damo,2015-07-15,Wednesday,01:27 AM,24
347,347,MiMs,2015-07-15,Wednesday,01:22 AM,11
348,348,Damo,2015-07-10,Friday,07:46 PM,35
349,349,MiMs,2015-07-10,Friday,07:46 PM,17
350,350,MiMs,2015-07-10,Friday,04:18 PM,14
351,351,Damo,2015-07-10,Friday,04:18 PM,45
352,352,MiMs,2015-07-09,Thursday,11:43 PM,46
353,353,MiMs,2015-07-09,Thursday,12:16 AM,15
354,354,Damo,2015-07-09,Thursday,12:16 AM,18
355,355,Damo,2015-07-06,Monday,04:45 PM,15
356,356,Damo,2015-07-02,Thursday,10:59 AM,8
357,357,Damo,2019-02-06,Wednesday,12:16 PM,45
358,358,MiMs,2019-02-06,Wednesday,10:24 AM,10
359,359,MiMs,2019-01-29,Tuesday,09:02 PM,10
360,360,Damo,2019-01-14,Monday,01:00 PM,14
361,361,MiMs,2019-01-14,Monday,12:59 PM,10
362,362,MiMs,2019-01-13,Sunday,10:00 AM,10
363,363,MiMs,2019-01-12,Saturday,11:00 AM,15
364,364,Damo,2018-12-21,Friday,12:14 PM,10
365,365,MiMs,2018-12-05,Wednesday,02:31 PM,18
366,366,MiMs,2018-11-28,Wednesday,10:20 AM,14
367,367,Damo,2018-11-14,Wednesday,12:32 PM,24
368,368,MiMs,2018-11-14,Wednesday,12:30 PM,189
369,369,MiMs,2018-11-14,Wednesday,11:56 AM,10
370,370,MiMs,2018-11-03,Saturday,11:55 AM,10
371,371,Damo,2018-11-01,Thursday,07:31 PM,10
372,372,MiMs,2018-10-31,Wednesday,07:05 PM,13
373,373,MiMs,2018-10-24,Wednesday,06:50 PM,13
374,374,Damo,2018-10-24,Wednesday,06:05 PM,17
375,375,MiMs,2018-10-23,Tuesday,01:19 PM,13
376,376,MiMs,2018-10-22,Monday,12:12 PM,37
377,377,Damo,2018-10-18,Thursday,10:44 AM,19
378,378,MiMs,2018-10-18,Thursday,09:55 AM,10
379,379,Damo,2018-10-18,Thursday,09:54 AM,10
380,380,Damo,2018-10-16,Tuesday,10:38 AM,10
381,381,Damo,2018-10-02,Tuesday,11:15 AM,16
382,382,Damo,2018-09-28,Friday,05:10 PM,14
383,383,MiMs,2016-12-02,Friday,12:11 AM,15
384,384,MiMs,2016-11-09,Wednesday,11:18 AM,14
385,385,MiMs,2016-11-01,Tuesday,03:25 PM,10
386,386,Damo,2016-10-26,Wednesday,10:33 AM,13
387,387,Damo,2016-10-26,Wednesday,10:30 AM,17
388,388,Damo,2016-10-23,Sunday,02:45 PM,11
389,389,MiMs,2016-10-23,Sunday,02:30 PM,16
390,390,Damo,2016-10-23,Sunday,02:30 PM,36
391,391,Damo,2016-10-23,Sunday,02:41 AM,49
392,392,MiMs,2016-10-23,Sunday,02:37 AM,23
393,393,MiMs,2016-10-23,Sunday,12:51 AM,8
394,394,Damo,2016-10-23,Sunday,12:51 AM,23
395,395,Damo,2016-10-22,Saturday,03:17 PM,36
396,396,MiMs,2016-10-22,Saturday,03:15 PM,10
397,397,Damo,2016-10-22,Saturday,12:57 AM,37
398,398,Damo,2016-10-21,Friday,01:46 PM,15
399,399,Damo,2016-10-20,Thursday,11:13 PM,22
400,400,Damo,2016-10-20,Thursday,11:08 PM,73
401,401,MiMs,2016-10-20,Thursday,11:03 PM,15
402,402,MiMs,2016-10-20,Thursday,05:42 PM,11
403,403,MiMs,2016-10-20,Thursday,05:42 PM,10
404,404,MiMs,2016-10-20,Thursday,10:36 AM,440
405,405,Damo,2016-10-20,Thursday,08:55 AM,25
406,406,MiMs,2016-10-20,Thursday,08:38 AM,23
407,407,MiMs,2016-10-14,Friday,02:07 PM,13
408,408,MiMs,2016-10-14,Friday,10:03 AM,40
409,409,MiMs,2016-10-05,Wednesday,01:46 PM,10
410,410,Damo,2016-10-03,Monday,07:49 AM,12
411,411,MiMs,2016-10-03,Monday,07:49 AM,20
412,412,Damo,2016-10-02,Sunday,10:44 PM,12
413,413,MiMs,2016-10-02,Sunday,10:44 PM,10
414,414,MiMs,2016-10-02,Sunday,05:31 PM,8
415,415,MiMs,2016-10-01,Saturday,11:38 PM,14
416,416,Damo,2016-10-01,Saturday,10:47 PM,13
417,417,Damo,2016-09-30,Friday,10:12 PM,40
418,418,MiMs,2016-09-30,Friday,06:00 AM,15
419,419,Damo,2016-09-30,Friday,06:00 AM,33
420,420,MiMs,2016-09-12,Monday,11:03 AM,10
421,421,MiMs,2016-07-31,Sunday,04:35 PM,27
422,422,Damo,2016-07-27,Wednesday,02:33 PM,18
423,423,MiMs,2016-07-27,Wednesday,02:33 PM,10
424,424,Damo,2016-07-26,Tuesday,10:26 AM,14
425,425,Damo,2016-07-21,Thursday,04:41 PM,12
426,426,Damo,2016-07-13,Wednesday,02:34 PM,17
427,427,Damo,2016-07-10,Sunday,12:50 AM,16
428,428,MiMs,2018-09-17,Monday,08:34 AM,13
429,429,MiMs,2018-09-14,Friday,10:28 AM,15
430,430,MiMs,2018-09-06,Thursday,12:41 PM,31
431,431,MiMs,2018-08-13,Monday,11:01 AM,11
432,432,Damo,2018-08-13,Monday,11:01 AM,44
433,433,MiMs,2018-08-13,Monday,01:30 AM,20
434,434,Damo,2018-08-13,Monday,01:23 AM,45
435,435,Damo,2018-08-12,Sunday,12:14 AM,18
436,436,MiMs,2018-08-12,Sunday,12:14 AM,10
437,437,MiMs,2018-08-11,Saturday,12:51 AM,28
438,438,MiMs,2018-08-10,Friday,06:49 PM,15
439,439,Damo,2018-08-10,Friday,06:48 PM,16
440,440,Damo,2018-08-06,Monday,10:13 AM,34
441,441,Damo,2018-08-03,Friday,03:03 PM,126
442,442,Damo,2018-07-19,Thursday,08:51 AM,19
443,443,MiMs,2018-07-19,Thursday,08:45 AM,10
444,444,Damo,2018-07-13,Friday,10:19 AM,16
445,445,MiMs,2018-07-13,Friday,10:19 AM,10
446,446,Damo,2018-06-25,Monday,04:32 PM,22
447,447,MiMs,2018-06-25,Monday,12:45 AM,14
448,448,Damo,2018-06-25,Monday,12:44 AM,14
449,449,Damo,2018-06-24,Sunday,12:34 AM,16
450,450,MiMs,2018-06-24,Sunday,12:34 AM,10
451,451,MiMs,2018-06-23,Saturday,12:24 PM,14
452,452,MiMs,2018-06-12,Tuesday,05:26 PM,12
453,453,Damo,2018-06-12,Tuesday,05:26 PM,13
454,454,MiMs,2018-06-12,Tuesday,04:50 PM,10
455,455,Damo,2018-06-07,Thursday,04:03 PM,14
456,456,Damo,2018-06-06,Wednesday,02:00 PM,37
457,457,Damo,2018-05-25,Friday,07:05 PM,10
458,458,MiMs,2018-04-15,Sunday,08:52 AM,54
459,459,Damo,2018-04-15,Sunday,08:51 AM,17
460,460,Damo,2018-04-14,Saturday,11:49 AM,18
461,461,Damo,2018-04-14,Saturday,01:51 AM,15
462,462,Damo,2018-04-14,Saturday,12:30 AM,14
463,463,Damo,2018-04-13,Friday,11:06 PM,31
464,464,MiMs,2018-04-13,Friday,12:50 AM,12
465,465,Damo,2018-04-13,Friday,12:49 AM,13
466,466,Damo,2016-03-24,Thursday,11:06 PM,20
467,467,MiMs,2016-03-24,Thursday,11:06 PM,8
468,468,Damo,2016-03-24,Thursday,11:35 AM,16
469,469,Damo,2016-03-24,Thursday,01:48 AM,182
470,470,Damo,2016-03-23,Wednesday,10:53 PM,19
471,471,MiMs,2016-03-23,Wednesday,10:50 PM,10
472,472,MiMs,2016-03-23,Wednesday,10:55 AM,10
473,473,Damo,2016-03-22,Tuesday,09:58 PM,24
474,474,MiMs,2016-03-22,Tuesday,09:57 PM,10
475,475,Damo,2016-03-22,Tuesday,01:06 PM,39
476,476,Damo,2016-03-21,Monday,12:02 AM,52
477,477,MiMs,2016-03-20,Sunday,11:59 PM,52
478,478,MiMs,2016-03-20,Sunday,11:54 PM,33
479,479,MiMs,2016-03-20,Sunday,11:20 PM,47
480,480,MiMs,2016-03-20,Sunday,05:56 PM,13
481,481,MiMs,2016-03-20,Sunday,11:21 AM,1159
482,482,MiMs,2016-03-20,Sunday,11:19 AM,928
483,483,Damo,2016-03-19,Saturday,12:04 AM,30
484,484,MiMs,2016-03-19,Saturday,12:03 AM,10
485,485,MiMs,2016-03-18,Friday,02:13 PM,15
486,486,MiMs,2016-03-16,Wednesday,07:39 PM,14
487,487,Damo,2016-03-16,Wednesday,07:18 PM,14
488,488,Damo,2016-03-16,Wednesday,05:12 PM,24
489,489,Damo,2016-03-15,Tuesday,10:35 PM,12
490,490,MiMs,2016-03-15,Tuesday,10:35 PM,8
491,491,Damo,2016-03-15,Tuesday,08:03 PM,18
492,492,MiMs,2016-03-15,Tuesday,08:02 PM,10
493,493,Damo,2016-03-14,Monday,11:26 PM,20
494,494,MiMs,2016-03-14,Monday,11:26 PM,34
495,495,MiMs,2016-03-13,Sunday,11:02 PM,27
496,496,MiMs,2016-03-12,Saturday,09:14 PM,8
497,497,Damo,2016-03-12,Saturday,08:40 PM,12
498,498,Damo,2016-03-12,Saturday,08:10 PM,19
499,499,MiMs,2016-03-12,Saturday,08:08 PM,12
500,500,Damo,2016-03-12,Saturday,03:46 PM,45
501,501,Damo,2016-03-12,Saturday,01:33 AM,24
502,502,MiMs,2016-03-12,Saturday,01:32 AM,8
503,503,Damo,2016-03-11,Friday,10:22 PM,17
504,504,MiMs,2016-03-11,Friday,10:20 PM,14
505,505,MiMs,2016-03-11,Friday,09:58 AM,14
506,506,Damo,2016-03-11,Friday,09:57 AM,26
507,507,MiMs,2016-03-11,Friday,01:28 AM,22
508,508,MiMs,2016-03-10,Thursday,10:54 PM,12
509,509,Damo,2016-03-10,Thursday,10:45 PM,51
510,510,Damo,2016-03-09,Wednesday,11:05 PM,18
511,511,MiMs,2016-03-09,Wednesday,08:05 PM,10
512,512,MiMs,2016-03-09,Wednesday,01:41 AM,18
513,513,Damo,2016-03-09,Wednesday,01:39 AM,55
514,514,MiMs,2016-03-08,Tuesday,11:52 PM,12
515,515,Damo,2016-03-08,Tuesday,11:52 PM,37
516,516,Damo,2016-03-08,Tuesday,09:39 PM,13
517,517,MiMs,2016-03-07,Monday,09:39 PM,16
518,518,Damo,2016-03-07,Monday,09:37 PM,42
519,519,MiMs,2016-03-07,Monday,10:31 AM,22
520,520,Damo,2016-03-06,Sunday,08:05 PM,15
521,521,MiMs,2016-03-06,Sunday,02:56 AM,15
522,522,Damo,2016-03-06,Sunday,02:32 AM,77
523,523,Damo,2016-03-06,Sunday,12:18 AM,17
524,524,MiMs,2016-03-06,Sunday,12:18 AM,77
525,525,MiMs,2016-03-04,Friday,11:21 PM,10
526,526,Damo,2016-03-04,Friday,11:18 PM,15
527,527,MiMs,2016-03-04,Friday,11:06 PM,10
528,528,Damo,2016-03-01,Tuesday,11:40 PM,32
529,529,MiMs,2016-03-01,Tuesday,11:40 PM,8
530,530,Damo,2016-03-01,Tuesday,04:14 PM,18
531,531,MiMs,2016-02-29,Monday,11:39 PM,16
532,532,Damo,2016-02-29,Monday,11:31 PM,33
533,533,MiMs,2016-02-29,Monday,03:51 PM,26
534,534,Damo,2016-02-29,Monday,03:31 PM,19
535,535,MiMs,2016-02-29,Monday,03:31 PM,10
536,536,Damo,2016-02-28,Sunday,06:39 AM,23
537,537,MiMs,2016-02-28,Sunday,06:37 AM,42
538,538,Damo,2016-02-25,Thursday,10:26 PM,31
539,539,MiMs,2016-02-25,Thursday,10:22 PM,10
540,540,Damo,2016-02-25,Thursday,11:14 AM,22
541,541,MiMs,2016-02-25,Thursday,11:03 AM,10
542,542,MiMs,2016-02-24,Wednesday,09:05 PM,14
543,543,Damo,2016-02-24,Wednesday,09:05 PM,16
544,544,Damo,2016-02-24,Wednesday,08:02 PM,26
545,545,Damo,2016-02-24,Wednesday,05:40 PM,62
546,546,MiMs,2016-02-24,Wednesday,03:02 PM,41
547,547,Damo,2016-02-22,Monday,11:43 PM,52
548,548,MiMs,2016-02-22,Monday,11:40 PM,10
549,549,MiMs,2016-02-22,Monday,12:28 AM,10
550,550,Damo,2016-02-22,Monday,12:24 AM,12
551,551,Damo,2016-02-20,Saturday,10:32 PM,66
552,552,MiMs,2016-02-20,Saturday,10:09 PM,10
553,553,Damo,2016-05-01,Sunday,11:05 PM,12
554,554,MiMs,2016-05-01,Sunday,11:02 PM,8
555,555,MiMs,2016-04-30,Saturday,10:48 PM,10
556,556,Damo,2016-04-30,Saturday,09:19 PM,30
557,557,MiMs,2016-04-30,Saturday,09:13 PM,11
558,558,Damo,2016-04-29,Friday,11:28 PM,28
559,559,MiMs,2016-04-29,Friday,11:27 PM,10
560,560,Damo,2016-04-28,Thursday,11:46 PM,14
561,561,MiMs,2016-04-28,Thursday,11:46 PM,10
562,562,Damo,2016-04-28,Thursday,02:15 PM,16
563,563,MiMs,2016-04-28,Thursday,02:11 PM,50
564,564,Damo,2016-04-27,Wednesday,09:23 PM,57
565,565,MiMs,2016-04-27,Wednesday,09:19 PM,31
566,566,Damo,2016-04-26,Tuesday,10:23 PM,18
567,567,MiMs,2016-04-26,Tuesday,10:22 PM,15
568,568,MiMs,2016-04-26,Tuesday,10:06 PM,14
569,569,Damo,2016-04-26,Tuesday,09:53 PM,16
570,570,Damo,2016-04-26,Tuesday,09:38 PM,15
571,571,MiMs,2016-04-26,Tuesday,05:12 PM,12
572,572,MiMs,2016-04-25,Monday,10:45 PM,14
573,573,Damo,2016-04-25,Monday,10:44 PM,12
574,574,MiMs,2016-04-25,Monday,11:45 AM,19
575,575,Damo,2016-04-25,Monday,06:38 AM,21
576,576,MiMs,2016-04-25,Monday,06:38 AM,14
577,577,Damo,2016-04-25,Monday,06:38 AM,21
578,578,MiMs,2016-04-25,Monday,06:31 AM,34
579,579,Damo,2016-04-25,Monday,05:50 AM,20
580,580,Damo,2016-04-24,Sunday,10:59 PM,35
581,581,Damo,2016-04-24,Sunday,12:04 AM,10
582,582,Damo,2016-04-24,Sunday,12:03 AM,12
583,583,MiMs,2016-04-24,Sunday,12:03 AM,11
584,584,Damo,2016-04-23,Saturday,08:57 PM,37
585,585,MiMs,2016-04-23,Saturday,08:57 PM,10
586,586,Damo,2016-04-22,Friday,09:52 PM,17
587,587,MiMs,2016-04-22,Friday,09:48 PM,10
588,588,MiMs,2016-04-22,Friday,09:37 PM,27
589,589,Damo,2016-04-22,Friday,03:59 PM,10
590,590,MiMs,2016-04-21,Thursday,05:15 PM,21
591,591,Damo,2016-04-21,Thursday,05:15 PM,12
592,592,MiMs,2016-04-21,Thursday,11:38 AM,20
593,593,MiMs,2016-04-20,Wednesday,11:49 PM,14
594,594,Damo,2016-04-20,Wednesday,11:49 PM,10
595,595,MiMs,2016-04-20,Wednesday,12:00 AM,16
596,596,Damo,2016-04-19,Tuesday,11:56 PM,10
597,597,Damo,2016-04-19,Tuesday,10:50 AM,20
598,598,MiMs,2016-04-19,Tuesday,10:47 AM,16
599,599,Damo,2016-04-18,Monday,04:34 PM,10
600,600,Damo,2016-04-18,Monday,04:25 PM,14
601,601,MiMs,2016-04-18,Monday,04:25 PM,10
602,602,Damo,2016-04-17,Sunday,11:10 PM,16
603,603,MiMs,2016-04-17,Sunday,11:09 PM,10
604,604,MiMs,2016-04-17,Sunday,12:36 PM,22
605,605,MiMs,2016-04-17,Sunday,12:04 AM,12
606,606,MiMs,2016-04-16,Saturday,09:06 PM,14
607,607,Damo,2016-04-16,Saturday,09:06 PM,10
608,608,MiMs,2016-04-16,Saturday,02:05 AM,10
609,609,Damo,2016-04-15,Friday,11:11 PM,28
610,610,Damo,2016-04-14,Thursday,10:51 PM,22
611,611,MiMs,2016-04-14,Thursday,07:03 PM,14
612,612,Damo,2016-04-14,Thursday,07:03 PM,14
613,613,Damo,2016-04-12,Tuesday,05:42 PM,18
614,614,Damo,2016-04-12,Tuesday,02:41 PM,26
615,615,MiMs,2016-04-12,Tuesday,02:40 PM,10
616,616,Damo,2016-04-10,Sunday,11:00 PM,17
617,617,MiMs,2016-04-10,Sunday,11:00 PM,10
618,618,Damo,2016-04-10,Sunday,10:01 AM,10
619,619,MiMs,2016-04-10,Sunday,09:56 AM,10
620,620,MiMs,2016-04-09,Saturday,01:38 AM,18
621,621,Damo,2016-04-09,Saturday,01:37 AM,12
622,622,MiMs,2016-04-07,Thursday,10:38 PM,12
623,623,Damo,2016-04-07,Thursday,10:37 PM,18
624,624,MiMs,2016-04-07,Thursday,04:22 PM,14
625,625,MiMs,2016-04-07,Thursday,11:31 AM,10
626,626,MiMs,2016-04-06,Wednesday,10:47 PM,12
627,627,Damo,2016-04-06,Wednesday,10:47 PM,121
628,628,MiMs,2016-04-06,Wednesday,07:53 AM,31
629,629,Damo,2016-04-04,Monday,11:23 PM,21
630,630,MiMs,2016-04-04,Monday,11:20 PM,33
631,631,MiMs,2016-04-03,Sunday,05:24 PM,36
632,632,MiMs,2016-04-02,Saturday,10:23 PM,34
633,633,Damo,2016-04-02,Saturday,10:23 PM,8
634,634,Damo,2016-04-02,Saturday,09:54 PM,10
635,635,MiMs,2016-04-02,Saturday,09:53 PM,10
636,636,MiMs,2016-04-02,Saturday,12:35 PM,10
637,637,MiMs,2016-04-01,Friday,08:43 PM,34
638,638,MiMs,2016-03-31,Thursday,11:41 PM,79
639,639,Damo,2016-03-31,Thursday,11:39 PM,12
640,640,Damo,2016-03-31,Thursday,12:01 AM,15
641,641,MiMs,2016-03-31,Thursday,12:01 AM,8
642,642,MiMs,2016-03-30,Wednesday,12:38 PM,15
643,643,Damo,2016-03-29,Tuesday,10:40 PM,19
644,644,MiMs,2016-03-29,Tuesday,10:39 PM,12
645,645,Damo,2016-03-28,Monday,09:30 PM,14
646,646,MiMs,2016-03-28,Monday,09:30 PM,10
647,647,MiMs,2016-03-28,Monday,12:19 AM,23
648,648,Damo,2016-03-28,Monday,12:19 AM,14
649,649,Damo,2016-03-27,Sunday,09:11 PM,18
650,650,MiMs,2016-03-27,Sunday,09:00 PM,16
651,651,Damo,2016-03-27,Sunday,01:37 AM,14
652,652,MiMs,2016-03-27,Sunday,01:35 AM,21
653,653,Damo,2016-03-26,Saturday,10:20 PM,22
654,654,MiMs,2016-03-26,Saturday,10:18 PM,32
655,655,MiMs,2016-03-26,Saturday,05:17 PM,16
656,656,MiMs,2016-03-26,Saturday,05:16 PM,8
657,657,Damo,2016-03-26,Saturday,02:52 AM,100
658,658,MiMs,2016-03-26,Saturday,02:51 AM,10
659,659,Damo,2016-03-26,Saturday,01:33 AM,50
660,660,MiMs,2016-03-26,Saturday,01:29 AM,21
661,661,MiMs,2016-03-26,Saturday,01:28 AM,19
662,662,Damo,2016-03-25,Friday,10:49 PM,14
663,663,MiMs,2016-03-25,Friday,10:48 PM,10
664,664,Damo,2016-03-25,Friday,10:45 PM,49
665,665,MiMs,2016-03-25,Friday,10:43 PM,8
666,666,Damo,2018-04-11,Wednesday,11:44 PM,14
667,667,Damo,2018-04-11,Wednesday,10:36 AM,20
668,668,MiMs,2018-04-11,Wednesday,10:25 AM,84
669,669,MiMs,2018-04-11,Wednesday,09:05 AM,10
670,670,Damo,2018-04-11,Wednesday,12:17 AM,38
671,671,MiMs,2018-04-09,Monday,11:49 PM,19
672,672,Damo,2018-04-09,Monday,11:49 PM,13
673,673,MiMs,2018-04-09,Monday,06:16 PM,12
674,674,Damo,2018-04-09,Monday,06:16 PM,82
675,675,MiMs,2018-03-29,Thursday,07:22 PM,10
676,676,MiMs,2018-03-28,Wednesday,01:31 PM,10
677,677,MiMs,2018-03-19,Monday,12:07 PM,10
678,678,Damo,2018-03-16,Friday,05:33 PM,40
679,679,Damo,2018-03-12,Monday,11:33 AM,22
680,680,MiMs,2018-02-20,Tuesday,08:27 AM,181
681,681,Damo,2018-02-09,Friday,11:34 AM,10
682,682,MiMs,2018-02-08,Thursday,01:10 PM,10
683,683,Damo,2018-01-26,Friday,10:51 AM,18
684,684,MiMs,2018-01-26,Friday,10:50 AM,15
685,685,Damo,2018-01-17,Wednesday,07:39 PM,10
686,686,Damo,2018-01-15,Monday,11:47 AM,24
687,687,Damo,2017-12-18,Monday,07:49 PM,29
688,688,MiMs,2017-12-13,Wednesday,12:56 PM,10
689,689,MiMs,2017-12-06,Wednesday,06:13 PM,10
690,690,MiMs,2017-11-29,Wednesday,11:46 AM,60
691,691,MiMs,2017-11-19,Sunday,07:54 AM,38
692,692,Damo,2017-11-19,Sunday,07:54 AM,38
693,693,Damo,2017-11-18,Saturday,12:34 AM,62
694,694,Damo,2017-11-16,Thursday,11:54 PM,15
695,695,Damo,2017-11-16,Thursday,10:13 AM,26
696,696,MiMs,2017-11-16,Thursday,09:57 AM,25
697,697,Damo,2017-11-16,Thursday,09:57 AM,65
698,698,Damo,2017-11-08,Wednesday,01:01 PM,16
699,699,MiMs,2017-11-08,Wednesday,01:01 PM,10
700,700,MiMs,2017-10-28,Saturday,08:28 PM,39
701,701,Damo,2017-10-28,Saturday,08:27 PM,70
702,702,MiMs,2017-10-27,Friday,09:13 PM,14
703,703,MiMs,2017-10-27,Friday,09:12 PM,14
704,704,Damo,2017-10-27,Friday,09:11 PM,10
705,705,Damo,2017-10-26,Thursday,09:49 AM,10
706,706,MiMs,2017-10-26,Thursday,05:35 AM,18
707,707,Damo,2017-10-26,Thursday,05:31 AM,102
708,708,MiMs,2017-10-24,Tuesday,09:04 AM,10
709,709,MiMs,2017-10-24,Tuesday,08:38 AM,10
710,710,Damo,2017-10-18,Wednesday,08:59 AM,20
711,711,MiMs,2017-10-18,Wednesday,08:34 AM,15
712,712,MiMs,2016-07-10,Sunday,12:41 AM,10
713,713,Damo,2016-07-08,Friday,10:37 PM,19
714,714,MiMs,2016-07-08,Friday,10:37 PM,8
715,715,Damo,2016-07-08,Friday,01:12 AM,47
716,716,MiMs,2016-07-08,Friday,01:11 AM,10
717,717,Damo,2016-07-07,Thursday,11:56 PM,14
718,718,Damo,2016-07-07,Thursday,07:43 PM,12
719,719,MiMs,2016-07-07,Thursday,07:43 PM,8
720,720,Damo,2016-07-07,Thursday,02:09 PM,20
721,721,MiMs,2016-07-07,Thursday,02:08 PM,24
722,722,MiMs,2016-06-28,Tuesday,01:45 PM,10
723,723,Damo,2016-05-31,Tuesday,01:59 PM,10
724,724,MiMs,2016-05-27,Friday,02:16 PM,10
725,725,Damo,2016-05-23,Monday,10:45 PM,59
726,726,MiMs,2016-05-23,Monday,10:45 PM,15
727,727,MiMs,2016-05-22,Sunday,11:35 PM,10
728,728,Damo,2016-05-22,Sunday,11:35 PM,14
729,729,MiMs,2016-05-22,Sunday,08:51 PM,15
730,730,MiMs,2016-05-22,Sunday,08:51 PM,10
731,731,Damo,2016-05-22,Sunday,08:48 PM,13
732,732,Damo,2016-05-21,Saturday,09:55 PM,12
733,733,MiMs,2016-05-21,Saturday,09:55 PM,8
734,734,MiMs,2016-05-21,Saturday,12:59 AM,12
735,735,Damo,2016-05-21,Saturday,12:58 AM,14
736,736,MiMs,2016-05-20,Friday,07:27 PM,8
737,737,MiMs,2016-05-20,Friday,01:59 PM,14
738,738,MiMs,2016-05-19,Thursday,06:32 PM,13
739,739,MiMs,2016-05-19,Thursday,04:52 PM,14
740,740,Damo,2016-05-19,Thursday,04:33 PM,10
741,741,MiMs,2016-05-19,Thursday,04:25 PM,32
742,742,Damo,2016-05-19,Thursday,04:24 PM,36
743,743,Damo,2016-05-19,Thursday,03:36 PM,20
744,744,MiMs,2016-05-19,Thursday,03:34 PM,10
745,745,MiMs,2016-05-19,Thursday,02:20 PM,10
746,746,MiMs,2016-05-19,Thursday,12:09 AM,10
747,747,Damo,2016-05-19,Thursday,12:08 AM,10
748,748,MiMs,2016-05-18,Wednesday,10:58 PM,12
749,749,Damo,2016-05-18,Wednesday,10:58 PM,10
750,750,MiMs,2016-05-18,Wednesday,09:47 PM,15
751,751,Damo,2016-05-18,Wednesday,05:52 PM,19
752,752,MiMs,2016-05-18,Wednesday,12:11 AM,19
753,753,Damo,2016-05-18,Wednesday,12:11 AM,53
754,754,MiMs,2016-05-18,Wednesday,12:07 AM,10
755,755,MiMs,2016-05-18,Wednesday,12:01 AM,12
756,756,Damo,2016-05-17,Tuesday,11:00 PM,55
757,757,MiMs,2016-05-17,Tuesday,12:42 AM,12
758,758,Damo,2016-05-17,Tuesday,12:42 AM,10
759,759,MiMs,2016-05-14,Saturday,10:17 AM,15
760,760,MiMs,2016-05-12,Thursday,05:20 PM,10
761,761,MiMs,2016-05-12,Thursday,05:13 PM,16
762,762,Damo,2016-05-12,Thursday,12:05 AM,14
763,763,MiMs,2016-05-10,Tuesday,11:46 PM,16
764,764,MiMs,2016-05-10,Tuesday,11:30 PM,18
765,765,Damo,2016-05-10,Tuesday,11:29 PM,24
766,766,MiMs,2016-05-10,Tuesday,07:58 PM,10
767,767,MiMs,2016-05-10,Tuesday,12:04 AM,19
768,768,Damo,2016-05-10,Tuesday,12:03 AM,14
769,769,Damo,2016-05-08,Sunday,11:32 PM,18
770,770,MiMs,2016-05-08,Sunday,11:32 PM,10
771,771,Damo,2016-05-08,Sunday,01:53 AM,14
772,772,MiMs,2016-05-08,Sunday,01:52 AM,24
773,773,MiMs,2016-05-07,Saturday,12:33 AM,18
774,774,Damo,2016-05-07,Saturday,12:33 AM,18
775,775,MiMs,2016-05-07,Saturday,12:05 AM,8
776,776,Damo,2016-05-05,Thursday,10:51 PM,82
777,777,MiMs,2016-05-05,Thursday,10:50 PM,10
778,778,MiMs,2016-05-04,Wednesday,11:35 PM,12
779,779,Damo,2016-05-04,Wednesday,11:14 PM,54
780,780,MiMs,2016-05-04,Wednesday,12:17 AM,18
781,781,Damo,2016-05-04,Wednesday,12:17 AM,65
782,782,MiMs,2016-05-03,Tuesday,08:46 PM,12
783,783,Damo,2016-05-03,Tuesday,01:25 PM,12
784,784,MiMs,2016-05-03,Tuesday,01:25 PM,10
785,785,Damo,2016-05-02,Monday,09:30 PM,14
786,786,MiMs,2016-05-02,Monday,09:29 PM,10
787,787,MiMs,2016-01-17,Sunday,02:02 AM,19
788,788,Damo,2016-01-17,Sunday,02:02 AM,14
789,789,Damo,2016-01-16,Saturday,08:42 PM,14
790,790,Damo,2016-01-16,Saturday,06:05 AM,21
791,791,MiMs,2016-01-16,Saturday,06:04 AM,10
792,792,MiMs,2016-01-04,Monday,01:34 PM,12
793,793,Damo,2016-01-04,Monday,01:33 PM,10
794,794,Damo,2015-12-15,Tuesday,10:59 PM,16
795,795,MiMs,2015-12-15,Tuesday,10:59 PM,10
796,796,MiMs,2015-12-15,Tuesday,10:53 PM,14
797,797,Damo,2015-12-15,Tuesday,09:03 PM,21
798,798,MiMs,2015-12-15,Tuesday,09:03 PM,11
799,799,Damo,2015-12-15,Tuesday,09:02 PM,59
800,800,MiMs,2015-12-14,Monday,10:46 PM,8
801,801,MiMs,2015-12-14,Monday,10:39 PM,14
802,802,Damo,2015-12-14,Monday,10:39 PM,30
803,803,Damo,2015-12-14,Monday,07:08 PM,81
804,804,Damo,2015-12-13,Sunday,10:15 PM,35
805,805,MiMs,2015-12-13,Sunday,10:14 PM,10
806,806,Damo,2015-12-13,Sunday,03:41 AM,97
807,807,Damo,2015-12-12,Saturday,10:54 PM,115
808,808,MiMs,2015-12-12,Saturday,10:43 PM,10
809,809,Damo,2015-12-12,Saturday,01:05 AM,26
810,810,MiMs,2015-12-12,Saturday,01:02 AM,10
811,811,MiMs,2015-12-11,Friday,12:12 AM,12
812,812,Damo,2015-12-11,Friday,12:12 AM,63
813,813,MiMs,2015-12-09,Wednesday,09:33 PM,16
814,814,Damo,2015-12-09,Wednesday,09:32 PM,31
815,815,MiMs,2015-12-08,Tuesday,11:32 PM,20
816,816,Damo,2015-12-08,Tuesday,12:14 AM,40
817,817,MiMs,2015-12-08,Tuesday,12:14 AM,42
818,818,Damo,2015-12-06,Sunday,11:22 PM,15
819,819,Damo,2015-12-06,Sunday,11:19 PM,14
820,820,MiMs,2015-12-06,Sunday,11:19 PM,10
821,821,MiMs,2015-12-06,Sunday,02:19 AM,14
822,822,MiMs,2015-12-04,Friday,10:47 PM,12
823,823,Damo,2015-12-04,Friday,10:43 PM,84
824,824,MiMs,2015-12-04,Friday,12:08 AM,16
825,825,Damo,2015-12-02,Wednesday,11:23 PM,23
826,826,MiMs,2015-12-02,Wednesday,11:23 PM,10
827,827,MiMs,2015-12-02,Wednesday,04:34 PM,18
828,828,Damo,2015-12-02,Wednesday,12:06 AM,23
829,829,Damo,2015-12-01,Tuesday,12:03 AM,69
830,830,MiMs,2015-12-01,Tuesday,12:02 AM,8
831,831,Damo,2015-11-30,Monday,12:12 PM,18
832,832,MiMs,2015-11-30,Monday,12:07 AM,11
833,833,Damo,2015-11-30,Monday,12:07 AM,11
834,834,Damo,2015-11-29,Sunday,09:55 PM,25
835,835,MiMs,2015-11-29,Sunday,09:44 PM,12
836,836,Damo,2015-11-29,Sunday,09:44 PM,65
837,837,Damo,2015-11-29,Sunday,09:08 AM,19
838,838,MiMs,2015-11-29,Sunday,09:07 AM,10
839,839,Damo,2015-11-29,Sunday,07:58 AM,22
840,840,Damo,2015-11-26,Thursday,06:58 AM,27
841,841,MiMs,2015-11-26,Thursday,05:24 AM,11
842,842,Damo,2015-11-26,Thursday,05:22 AM,12
843,843,Damo,2015-11-25,Wednesday,10:23 PM,34
844,844,Damo,2015-11-24,Tuesday,11:27 PM,17
845,845,Damo,2015-11-24,Tuesday,12:05 AM,21
846,846,MiMs,2015-11-24,Tuesday,12:02 AM,14
847,847,MiMs,2015-11-23,Monday,12:02 AM,11
848,848,MiMs,2015-11-22,Sunday,09:26 PM,10
849,849,Damo,2015-11-21,Saturday,11:47 PM,68
850,850,MiMs,2015-11-21,Saturday,11:46 PM,8
851,851,Damo,2015-11-21,Saturday,03:30 AM,17
852,852,MiMs,2015-11-21,Saturday,03:29 AM,13
853,853,Damo,2015-11-21,Saturday,02:25 AM,16
854,854,MiMs,2015-11-21,Saturday,02:20 AM,10
855,855,Damo,2015-11-19,Thursday,11:20 PM,19
856,856,MiMs,2015-11-19,Thursday,11:09 PM,10
857,857,Damo,2015-11-18,Wednesday,10:49 PM,56
858,858,Damo,2015-11-18,Wednesday,10:15 PM,49
859,859,MiMs,2015-11-18,Wednesday,10:07 PM,8
860,860,Damo,2015-11-17,Tuesday,10:30 PM,15
861,861,MiMs,2015-11-17,Tuesday,10:30 PM,8
862,862,Damo,2015-11-17,Tuesday,10:12 PM,26
863,863,Damo,2015-11-16,Monday,11:05 PM,25
864,864,Damo,2015-11-16,Monday,11:04 PM,24
865,865,MiMs,2015-11-16,Monday,11:03 PM,8
866,866,Damo,2015-11-16,Monday,08:20 PM,17
867,867,MiMs,2015-11-15,Sunday,10:40 PM,12
868,868,Damo,2015-11-15,Sunday,10:40 PM,114
869,869,MiMs,2017-10-07,Saturday,07:42 PM,14
870,870,Damo,2017-10-07,Saturday,07:42 PM,10
871,871,Damo,2017-10-07,Saturday,03:27 PM,57
872,872,Damo,2017-10-03,Tuesday,12:57 PM,30
873,873,MiMs,2017-10-03,Tuesday,12:56 PM,10
874,874,MiMs,2017-09-28,Thursday,07:14 AM,10
875,875,Damo,2017-09-25,Monday,08:39 AM,19
876,876,MiMs,2017-09-25,Monday,08:39 AM,10
877,877,Damo,2017-09-19,Tuesday,03:19 PM,16
878,878,Damo,2017-09-14,Thursday,01:18 PM,45
879,879,MiMs,2017-09-14,Thursday,01:16 PM,10
880,880,MiMs,2017-09-11,Monday,09:11 AM,29
881,881,MiMs,2017-09-01,Friday,07:33 AM,8
882,882,MiMs,2017-08-30,Wednesday,10:05 AM,47
883,883,Damo,2017-08-30,Wednesday,10:05 AM,14
884,884,Damo,2017-08-29,Tuesday,04:59 PM,18
885,885,MiMs,2017-08-29,Tuesday,04:59 PM,10
886,886,Damo,2017-08-24,Thursday,02:45 PM,103
887,887,MiMs,2017-08-17,Thursday,09:47 AM,20
888,888,Damo,2017-08-17,Thursday,09:46 AM,14
889,889,Damo,2017-08-11,Friday,04:20 PM,153
890,890,MiMs,2017-08-08,Tuesday,12:00 AM,21
891,891,MiMs,2017-07-28,Friday,03:09 PM,14
892,892,Damo,2017-07-28,Friday,03:08 PM,10
893,893,MiMs,2017-07-27,Thursday,05:10 PM,11
894,894,Damo,2017-07-27,Thursday,05:10 PM,16
895,895,Damo,2017-07-24,Monday,07:55 AM,12
896,896,Damo,2017-07-15,Saturday,03:56 AM,57
897,897,Damo,2017-07-14,Friday,09:28 PM,36
898,898,Damo,2017-07-14,Friday,09:27 PM,16
899,899,MiMs,2017-07-14,Friday,09:27 PM,10
900,900,MiMs,2017-07-14,Friday,01:47 AM,8
901,901,MiMs,2017-07-13,Thursday,12:29 AM,12
902,902,Damo,2017-07-13,Thursday,12:29 AM,35
903,903,MiMs,2017-07-12,Wednesday,02:52 PM,12
904,904,Damo,2017-07-12,Wednesday,02:51 PM,52
905,905,MiMs,2017-07-12,Wednesday,09:41 AM,10
906,906,Damo,2017-07-12,Wednesday,09:41 AM,147
907,907,MiMs,2017-07-11,Tuesday,11:24 PM,14
908,908,Damo,2017-07-11,Tuesday,02:13 PM,17
909,909,MiMs,2017-07-11,Tuesday,02:12 PM,13
910,910,MiMs,2017-07-11,Tuesday,12:55 AM,10
911,911,Damo,2017-07-11,Tuesday,12:55 AM,30
912,912,Damo,2017-07-11,Tuesday,12:38 AM,14
913,913,MiMs,2017-07-11,Tuesday,12:36 AM,8
914,914,MiMs,2017-07-11,Tuesday,12:36 AM,26
915,915,MiMs,2017-07-10,Monday,02:23 PM,22
916,916,MiMs,2017-07-10,Monday,02:22 PM,18
917,917,Damo,2017-07-10,Monday,02:22 PM,62
918,918,MiMs,2017-07-10,Monday,12:37 PM,10
919,919,MiMs,2017-07-09,Sunday,06:16 PM,10
920,920,MiMs,2017-07-09,Sunday,06:16 PM,15
921,921,Damo,2017-07-09,Sunday,06:16 PM,27
922,922,Damo,2017-06-22,Thursday,02:42 PM,29
923,923,Damo,2017-06-06,Tuesday,03:00 PM,16
924,924,MiMs,2017-06-06,Tuesday,02:52 PM,10
925,925,Damo,2017-05-30,Tuesday,07:44 PM,8
926,926,Damo,2017-05-28,Sunday,01:33 PM,10
927,927,MiMs,2017-05-16,Tuesday,01:57 PM,12
928,928,Damo,2017-05-16,Tuesday,01:54 PM,19
929,929,MiMs,2017-05-16,Tuesday,10:43 AM,14
930,930,Damo,2017-05-16,Tuesday,10:43 AM,14
931,931,Damo,2017-05-11,Thursday,02:21 PM,89
932,932,MiMs,2017-05-09,Tuesday,04:38 PM,10
933,933,Damo,2017-04-28,Friday,11:13 PM,34
934,934,Damo,2017-04-28,Friday,10:55 PM,46
935,935,MiMs,2017-04-28,Friday,10:54 PM,10
936,936,Damo,2017-04-28,Friday,02:33 AM,74
937,937,Damo,2017-04-28,Friday,01:27 AM,48
938,938,MiMs,2017-04-28,Friday,01:11 AM,10
939,939,MiMs,2017-04-27,Thursday,02:52 AM,21
940,940,Damo,2017-04-27,Thursday,02:52 AM,22
941,941,MiMs,2017-04-27,Thursday,02:49 AM,10
942,942,MiMs,2017-04-27,Thursday,02:45 AM,12
943,943,Damo,2017-04-27,Thursday,02:45 AM,14
944,944,MiMs,2017-04-26,Wednesday,11:33 PM,12
945,945,Damo,2017-04-26,Wednesday,11:33 PM,18
946,946,MiMs,2017-04-26,Wednesday,12:37 PM,12
947,947,Damo,2017-04-26,Wednesday,12:36 PM,12
948,948,MiMs,2017-04-09,Sunday,10:09 AM,12
949,949,Damo,2017-04-09,Sunday,10:09 AM,31
950,950,MiMs,2017-04-08,Saturday,11:19 PM,19
951,951,Damo,2017-04-08,Saturday,11:19 PM,18
952,952,Damo,2017-04-08,Saturday,11:18 PM,13
953,953,MiMs,2017-04-08,Saturday,11:18 PM,10
954,954,Damo,2017-04-08,Saturday,11:17 PM,47
955,955,MiMs,2017-04-08,Saturday,05:00 PM,36
956,956,MiMs,2017-04-08,Saturday,05:00 PM,63
957,957,MiMs,2017-04-08,Saturday,01:04 AM,30
958,958,Damo,2017-04-08,Saturday,12:27 AM,104
959,959,Damo,2017-04-07,Friday,12:20 AM,12
960,960,MiMs,2017-04-06,Thursday,08:20 AM,14
961,961,Damo,2017-04-06,Thursday,07:07 AM,12
962,962,Damo,2017-04-06,Thursday,07:07 AM,90
963,963,MiMs,2017-04-05,Wednesday,01:58 PM,36
964,964,MiMs,2017-03-28,Tuesday,08:40 AM,18
965,965,MiMs,2017-03-23,Thursday,09:56 PM,10
966,966,Damo,2017-03-21,Tuesday,05:28 PM,15
967,967,MiMs,2017-03-15,Wednesday,06:00 PM,18
968,968,MiMs,2017-03-09,Thursday,05:15 PM,15
969,969,Damo,2017-03-09,Thursday,05:02 PM,36
970,970,Damo,2017-03-06,Monday,08:35 AM,33
971,971,MiMs,2017-03-06,Monday,08:33 AM,18
972,972,Damo,2017-02-17,Friday,04:09 PM,18
973,973,MiMs,2017-02-15,Wednesday,01:43 PM,14
974,974,Damo,2017-02-09,Thursday,04:36 PM,56
975,975,Damo,2017-01-30,Monday,08:28 AM,31
976,976,MiMs,2017-01-29,Sunday,10:03 PM,12
977,977,Damo,2017-01-29,Sunday,10:02 PM,8
978,978,MiMs,2017-01-29,Sunday,12:07 AM,12
979,979,Damo,2017-01-29,Sunday,12:04 AM,8
980,980,MiMs,2017-01-27,Friday,11:11 PM,20
981,981,Damo,2017-01-27,Friday,11:11 PM,61
982,982,Damo,2017-01-26,Thursday,10:56 PM,12
983,983,Damo,2017-01-26,Thursday,11:30 AM,14
984,984,MiMs,2017-01-26,Thursday,11:30 AM,10
985,985,MiMs,2017-01-26,Thursday,08:05 AM,13
986,986,Damo,2017-01-26,Thursday,06:10 AM,31
987,987,Damo,2017-01-24,Tuesday,04:02 PM,75
988,988,Damo,2017-01-13,Friday,02:01 PM,10
989,989,MiMs,2017-01-12,Thursday,01:26 PM,10
990,990,Damo,2016-12-24,Saturday,01:21 AM,19
991,991,MiMs,2016-12-24,Saturday,01:20 AM,10
992,992,Damo,2016-12-17,Saturday,05:03 PM,10
993,993,Damo,2016-12-17,Saturday,05:01 PM,15
994,994,MiMs,2016-02-19,Friday,12:06 PM,16
995,995,Damo,2016-02-19,Friday,11:56 AM,16
996,996,MiMs,2016-02-19,Friday,02:11 AM,14
997,997,Damo,2016-02-18,Thursday,11:45 PM,17
998,998,MiMs,2016-02-18,Thursday,11:34 AM,10
999,999,Damo,2016-02-18,Thursday,10:03 AM,13
1000,1000,Damo,2016-02-17,Wednesday,12:10 AM,23
1001,1001,MiMs,2016-02-17,Wednesday,12:08 AM,16
1002,1002,Damo,2016-02-16,Tuesday,09:45 AM,36
1003,1003,MiMs,2016-02-16,Tuesday,09:42 AM,10
1004,1004,MiMs,2016-02-16,Tuesday,12:24 AM,15
1005,1005,Damo,2016-02-15,Monday,10:48 PM,15
1006,1006,MiMs,2016-02-15,Monday,08:05 AM,8
1007,1007,MiMs,2016-02-14,Sunday,10:47 AM,16
1008,1008,Damo,2016-02-14,Sunday,10:38 AM,13
1009,1009,MiMs,2016-02-14,Sunday,12:07 AM,10
1010,1010,MiMs,2016-02-13,Saturday,06:35 PM,18
1011,1011,MiMs,2016-02-13,Saturday,10:54 AM,10
1012,1012,MiMs,2016-02-13,Saturday,12:38 AM,14
1013,1013,Damo,2016-02-13,Saturday,12:38 AM,72
1014,1014,Damo,2016-02-12,Friday,01:55 PM,14
1015,1015,MiMs,2016-02-11,Thursday,11:16 PM,12
1016,1016,Damo,2016-02-11,Thursday,11:16 PM,17
1017,1017,Damo,2016-02-10,Wednesday,10:14 PM,19
1018,1018,MiMs,2016-02-10,Wednesday,10:13 PM,8
1019,1019,Damo,2016-02-10,Wednesday,04:34 PM,8
1020,1020,MiMs,2016-02-10,Wednesday,04:17 PM,8
1021,1021,Damo,2016-02-10,Wednesday,04:17 PM,17
1022,1022,Damo,2016-02-10,Wednesday,04:13 PM,37
1023,1023,MiMs,2016-02-09,Tuesday,11:43 PM,18
1024,1024,Damo,2016-02-09,Tuesday,12:40 PM,31
1025,1025,Damo,2016-02-09,Tuesday,12:23 AM,22
1026,1026,MiMs,2016-02-09,Tuesday,12:22 AM,15
1027,1027,Damo,2016-02-08,Monday,01:09 PM,16
1028,1028,MiMs,2016-02-08,Monday,01:08 PM,16
1029,1029,MiMs,2016-02-07,Sunday,10:49 PM,16
1030,1030,Damo,2016-02-07,Sunday,10:48 PM,36
1031,1031,Damo,2016-02-07,Sunday,02:01 AM,14
1032,1032,MiMs,2016-02-07,Sunday,02:00 AM,8
1033,1033,Damo,2016-02-06,Saturday,04:50 PM,10
1034,1034,Damo,2016-02-05,Friday,11:49 PM,20
1035,1035,Damo,2016-02-05,Friday,09:01 PM,19
1036,1036,Damo,2016-02-05,Friday,12:05 AM,17
1037,1037,MiMs,2016-02-05,Friday,12:05 AM,15
1038,1038,Damo,2016-02-03,Wednesday,11:27 PM,17
1039,1039,Damo,2016-02-02,Tuesday,10:57 PM,22
1040,1040,MiMs,2016-02-02,Tuesday,10:56 PM,11
1041,1041,MiMs,2016-02-02,Tuesday,08:31 PM,10
1042,1042,Damo,2016-02-02,Tuesday,08:29 PM,15
1043,1043,Damo,2016-02-01,Monday,09:57 PM,48
1044,1044,MiMs,2016-02-01,Monday,09:57 PM,10
1045,1045,Damo,2016-01-31,Sunday,11:59 PM,14
1046,1046,Damo,2016-01-31,Sunday,11:58 PM,22
1047,1047,MiMs,2016-01-31,Sunday,11:47 PM,10
1048,1048,Damo,2016-01-31,Sunday,10:26 AM,16
1049,1049,Damo,2016-01-31,Sunday,12:12 AM,16
1050,1050,MiMs,2016-01-31,Sunday,12:12 AM,10
1051,1051,Damo,2016-01-30,Saturday,05:02 PM,19
1052,1052,MiMs,2016-01-30,Saturday,04:58 PM,10
1053,1053,MiMs,2016-01-30,Saturday,04:24 PM,22
1054,1054,Damo,2016-01-30,Saturday,04:23 PM,25
1055,1055,MiMs,2016-01-30,Saturday,12:01 AM,12
1056,1056,Damo,2016-01-30,Saturday,12:01 AM,75
1057,1057,Damo,2016-01-29,Friday,07:14 PM,46
1058,1058,Damo,2016-01-29,Friday,12:12 AM,70
1059,1059,MiMs,2016-01-29,Friday,12:01 AM,8
1060,1060,Damo,2016-01-27,Wednesday,10:57 PM,23
1061,1061,MiMs,2016-01-27,Wednesday,10:55 PM,10
1062,1062,Damo,2016-01-27,Wednesday,09:52 PM,18
1063,1063,MiMs,2016-01-27,Wednesday,09:51 PM,14
1064,1064,Damo,2016-01-27,Wednesday,09:51 PM,25
1065,1065,Damo,2016-01-26,Tuesday,10:26 PM,22
1066,1066,Damo,2016-01-25,Monday,11:40 PM,19
1067,1067,MiMs,2016-01-25,Monday,11:39 PM,10
1068,1068,Damo,2016-01-24,Sunday,11:47 PM,12
1069,1069,Damo,2016-01-24,Sunday,12:26 AM,15
1070,1070,MiMs,2016-01-24,Sunday,12:21 AM,10
1071,1071,MiMs,2016-01-23,Saturday,01:49 PM,21
1072,1072,Damo,2016-01-23,Saturday,04:54 AM,16
1073,1073,MiMs,2016-01-23,Saturday,04:54 AM,10
1074,1074,Damo,2016-01-23,Saturday,02:31 AM,23
1075,1075,MiMs,2016-01-23,Saturday,02:30 AM,10
1076,1076,Damo,2016-01-23,Saturday,01:19 AM,17
1077,1077,Damo,2016-01-21,Thursday,11:35 PM,21
1078,1078,MiMs,2016-01-21,Thursday,11:27 PM,23
1079,1079,Damo,2016-01-21,Thursday,12:17 AM,24
1080,1080,MiMs,2016-01-21,Thursday,12:17 AM,10
1081,1081,Damo,2016-01-19,Tuesday,09:06 PM,22
1082,1082,MiMs,2016-01-19,Tuesday,09:06 PM,10
1083,1083,Damo,2016-01-18,Monday,01:24 AM,23
1084,1084,MiMs,2016-01-18,Monday,01:23 AM,10
1085,1085,MiMs,2013-02-26,Tuesday,12:00 AM,20
1086,1086,Damo,2013-02-25,Monday,10:49 PM,30
1087,1087,MiMs,2013-02-19,Tuesday,11:59 PM,126
1088,1088,Damo,2013-02-19,Tuesday,11:58 PM,101
1089,1089,Damo,2013-02-19,Tuesday,11:50 PM,10
1090,1090,MiMs,2013-02-19,Tuesday,11:48 PM,10
1091,1091,Damo,2013-02-19,Tuesday,11:18 PM,206
1092,1092,Damo,2013-02-17,Sunday,07:53 PM,15
1093,1093,Damo,2013-02-15,Friday,10:08 PM,71
1094,1094,MiMs,2013-02-15,Friday,10:08 PM,15
1095,1095,MiMs,2013-02-14,Thursday,03:15 PM,25
1096,1096,MiMs,2013-02-14,Thursday,02:48 PM,26
1097,1097,MiMs,2013-02-11,Monday,10:14 PM,12
1098,1098,Damo,2013-02-11,Monday,10:14 PM,10
1099,1099,Damo,2013-02-07,Thursday,01:22 AM,10
1100,1100,MiMs,2013-02-07,Thursday,01:21 AM,68
1101,1101,MiMs,2013-02-07,Thursday,01:20 AM,48
1102,1102,Damo,2013-02-07,Thursday,01:19 AM,137
1103,1103,Damo,2013-02-07,Thursday,01:06 AM,591
1104,1104,MiMs,2013-02-06,Wednesday,12:20 AM,10
1105,1105,MiMs,2013-02-06,Wednesday,12:19 AM,19
1106,1106,Damo,2013-02-06,Wednesday,12:19 AM,16
1107,1107,MiMs,2013-01-28,Monday,11:23 PM,20
1108,1108,Damo,2013-01-28,Monday,11:22 PM,19
1109,1109,Damo,2013-01-28,Monday,11:06 PM,69
1110,1110,Damo,2013-01-28,Monday,11:05 PM,34
1111,1111,MiMs,2013-01-28,Monday,11:05 PM,20
1112,1112,MiMs,2013-01-28,Monday,10:57 PM,28
1113,1113,MiMs,2013-01-27,Sunday,11:09 PM,12
1114,1114,Damo,2013-01-27,Sunday,11:09 PM,27
1115,1115,Damo,2013-01-27,Sunday,10:24 PM,10
1116,1116,Damo,2013-01-27,Sunday,09:47 PM,10
1117,1117,MiMs,2013-01-26,Saturday,12:27 AM,23
1118,1118,Damo,2013-01-26,Saturday,12:26 AM,37
1119,1119,MiMs,2013-01-26,Saturday,12:15 AM,31
1120,1120,Damo,2013-01-26,Saturday,12:14 AM,10
1121,1121,MiMs,2013-01-22,Tuesday,09:50 PM,97
1122,1122,Damo,2013-01-22,Tuesday,09:48 PM,70
1123,1123,Damo,2013-01-18,Friday,09:32 PM,10
1124,1124,MiMs,2013-01-02,Wednesday,11:03 PM,24
1125,1125,Damo,2013-01-02,Wednesday,11:02 PM,127
1126,1126,Damo,2013-01-02,Wednesday,10:59 PM,10
1127,1127,MiMs,2013-01-02,Wednesday,10:45 PM,15
1128,1128,Damo,2013-01-02,Wednesday,10:45 PM,10
1129,1129,MiMs,2012-12-31,Monday,09:58 AM,48
1130,1130,MiMs,2012-12-26,Wednesday,08:28 PM,29
1131,1131,Damo,2012-12-26,Wednesday,08:28 PM,93
1132,1132,Damo,2012-12-24,Monday,10:14 PM,27
1133,1133,MiMs,2012-12-24,Monday,10:12 PM,36
1134,1134,MiMs,2012-12-24,Monday,06:30 PM,17
1135,1135,Damo,2012-12-24,Monday,06:30 PM,8
1136,1136,MiMs,2012-12-22,Saturday,08:40 PM,34
1137,1137,Damo,2012-12-22,Saturday,08:40 PM,10
1138,1138,MiMs,2012-12-12,Wednesday,02:51 PM,12
1139,1139,Damo,2012-12-12,Wednesday,02:51 PM,10
1140,1140,MiMs,2012-12-12,Wednesday,12:48 AM,78
1141,1141,Damo,2012-12-12,Wednesday,12:47 AM,69
1142,1142,MiMs,2012-08-24,Friday,12:19 AM,18
1143,1143,Damo,2012-08-24,Friday,12:18 AM,16
1144,1144,MiMs,2012-08-23,Thursday,11:50 PM,14
1145,1145,Damo,2012-08-23,Thursday,11:50 PM,37
1146,1146,MiMs,2012-08-14,Tuesday,12:26 AM,47
1147,1147,Damo,2012-08-13,Monday,10:46 PM,53
1148,1148,Damo,2012-08-12,Sunday,01:57 AM,74
1149,1149,MiMs,2012-07-19,Thursday,11:37 AM,82
1150,1150,MiMs,2012-05-12,Saturday,10:54 PM,54
1151,1151,MiMs,2012-05-12,Saturday,10:53 PM,43
1152,1152,Damo,2012-05-12,Saturday,10:52 PM,75
1153,1153,Damo,2012-05-06,Sunday,10:29 PM,44
1154,1154,Damo,2012-04-27,Friday,12:19 AM,39
1155,1155,Damo,2012-04-27,Friday,12:08 AM,60
1156,1156,MiMs,2012-03-04,Sunday,07:32 PM,62
1157,1157,MiMs,2012-03-01,Thursday,07:11 PM,48
1158,1158,Damo,2012-03-01,Thursday,07:07 PM,10
1159,1159,MiMs,2012-03-01,Thursday,12:55 PM,18
1160,1160,Damo,2012-03-01,Thursday,12:55 PM,15
1161,1161,Damo,2012-02-27,Monday,11:25 PM,38
1162,1162,MiMs,2012-02-27,Monday,11:22 PM,36
1163,1163,Damo,2012-02-27,Monday,11:22 PM,74
1164,1164,MiMs,2012-02-27,Monday,11:21 PM,24
1165,1165,Damo,2012-02-27,Monday,01:35 AM,135
1166,1166,Damo,2012-02-24,Friday,08:39 PM,10
1167,1167,MiMs,2012-02-21,Tuesday,05:34 PM,20
1168,1168,MiMs,2012-02-20,Monday,07:05 PM,24
1169,1169,Damo,2012-02-20,Monday,07:05 PM,10
1170,1170,Damo,2012-02-18,Saturday,12:54 AM,27
1171,1171,Damo,2012-02-09,Thursday,05:30 PM,10
1172,1172,Damo,2012-02-07,Tuesday,10:57 PM,24
1173,1173,MiMs,2012-02-07,Tuesday,10:57 PM,8
1174,1174,Damo,2012-02-06,Monday,08:32 PM,45
1175,1175,Damo,2012-02-06,Monday,08:30 PM,23
1176,1176,MiMs,2012-02-02,Thursday,11:17 PM,21
1177,1177,Damo,2012-02-02,Thursday,11:03 PM,50
1178,1178,MiMs,2012-02-02,Thursday,11:03 PM,13
1179,1179,MiMs,2012-02-02,Thursday,10:50 PM,53
1180,1180,MiMs,2012-02-02,Thursday,10:49 PM,22
1181,1181,Damo,2012-02-02,Thursday,10:47 PM,130
1182,1182,Damo,2012-01-29,Sunday,07:40 PM,65
1183,1183,Damo,2012-01-29,Sunday,05:24 PM,60
1184,1184,MiMs,2012-01-29,Sunday,04:26 PM,14
1185,1185,Damo,2012-01-29,Sunday,04:26 PM,15
1186,1186,Damo,2012-01-20,Friday,11:18 PM,153
1187,1187,Damo,2012-01-20,Friday,07:27 PM,69
1188,1188,MiMs,2012-01-20,Friday,07:22 PM,10
1189,1189,MiMs,2012-01-20,Friday,07:06 PM,18
1190,1190,Damo,2012-01-20,Friday,07:06 PM,10
1191,1191,Damo,2012-01-19,Thursday,10:18 PM,139
1192,1192,Damo,2012-01-19,Thursday,05:17 PM,29
1193,1193,Damo,2012-01-18,Wednesday,10:09 PM,62
1194,1194,MiMs,2012-01-18,Wednesday,10:08 PM,16
1195,1195,Damo,2012-01-18,Wednesday,10:06 PM,195
1196,1196,Damo,2015-09-28,Monday,11:02 PM,15
1197,1197,MiMs,2015-09-28,Monday,11:00 PM,10
1198,1198,MiMs,2015-09-28,Monday,04:41 PM,14
1199,1199,Damo,2015-09-28,Monday,04:15 PM,41
1200,1200,MiMs,2015-09-27,Sunday,11:55 PM,12
1201,1201,Damo,2015-09-25,Friday,11:29 PM,23
1202,1202,MiMs,2015-09-25,Friday,11:26 PM,15
1203,1203,MiMs,2015-09-25,Friday,08:27 AM,10
1204,1204,Damo,2015-09-24,Thursday,11:19 PM,24
1205,1205,MiMs,2015-09-24,Thursday,11:19 PM,26
1206,1206,Damo,2015-09-24,Thursday,05:59 PM,48
1207,1207,Damo,2015-09-24,Thursday,05:58 PM,10
1208,1208,Damo,2015-09-24,Thursday,05:58 PM,31
1209,1209,MiMs,2015-09-24,Thursday,05:55 PM,18
1210,1210,Damo,2015-09-23,Wednesday,10:40 PM,23
1211,1211,MiMs,2015-09-23,Wednesday,10:36 PM,14
1212,1212,Damo,2015-09-23,Wednesday,09:50 AM,33
1213,1213,MiMs,2015-09-22,Tuesday,10:41 PM,16
1214,1214,Damo,2015-09-22,Tuesday,10:41 PM,12
1215,1215,Damo,2015-09-22,Tuesday,10:33 PM,23
1216,1216,MiMs,2015-09-22,Tuesday,10:33 PM,16
1217,1217,Damo,2015-09-22,Tuesday,10:32 PM,81
1218,1218,MiMs,2015-09-22,Tuesday,07:27 AM,195
1219,1219,MiMs,2015-09-21,Monday,11:24 PM,22
1220,1220,Damo,2015-09-21,Monday,11:24 PM,15
1221,1221,Damo,2015-09-21,Monday,11:21 PM,22
1222,1222,MiMs,2015-09-21,Monday,11:19 PM,10
1223,1223,Damo,2015-09-21,Monday,12:13 AM,27
1224,1224,MiMs,2015-09-21,Monday,12:13 AM,29
1225,1225,MiMs,2015-09-21,Monday,12:10 AM,19
1226,1226,Damo,2015-09-20,Sunday,10:39 PM,17
1227,1227,MiMs,2015-09-20,Sunday,10:39 PM,10
1228,1228,Damo,2015-09-18,Friday,10:52 PM,21
1229,1229,MiMs,2015-09-18,Friday,10:49 PM,10
1230,1230,MiMs,2015-09-18,Friday,06:49 PM,14
1231,1231,Damo,2015-09-18,Friday,06:49 PM,21
1232,1232,Damo,2015-09-17,Thursday,10:48 PM,20
1233,1233,MiMs,2015-09-17,Thursday,10:44 PM,10
1234,1234,MiMs,2015-09-17,Thursday,10:45 AM,48
1235,1235,Damo,2015-09-15,Tuesday,11:20 PM,22
1236,1236,MiMs,2015-09-15,Tuesday,11:19 PM,10
1237,1237,Damo,2015-09-15,Tuesday,10:57 PM,16
1238,1238,MiMs,2015-09-15,Tuesday,05:01 PM,18
1239,1239,Damo,2015-09-15,Tuesday,05:00 PM,10
1240,1240,Damo,2015-09-14,Monday,10:06 PM,21
1241,1241,MiMs,2015-09-14,Monday,10:06 PM,15
1242,1242,Damo,2015-09-14,Monday,01:04 PM,33
1243,1243,MiMs,2015-09-14,Monday,09:01 AM,14
1244,1244,Damo,2015-09-14,Monday,09:01 AM,25
1245,1245,MiMs,2015-09-13,Sunday,10:04 PM,10
1246,1246,Damo,2015-09-13,Sunday,10:03 PM,85
1247,1247,MiMs,2015-09-13,Sunday,01:26 AM,12
1248,1248,Damo,2015-09-13,Sunday,01:26 AM,58
1249,1249,MiMs,2015-09-11,Friday,11:33 PM,15
1250,1250,Damo,2015-09-11,Friday,11:33 PM,10
1251,1251,Damo,2015-09-11,Friday,11:03 AM,14
1252,1252,MiMs,2015-09-11,Friday,10:59 AM,10
1253,1253,MiMs,2015-09-11,Friday,01:04 AM,43
1254,1254,Damo,2015-09-11,Friday,01:03 AM,61
1255,1255,Damo,2015-09-10,Thursday,12:02 AM,19
1256,1256,MiMs,2015-09-10,Thursday,12:01 AM,10
1257,1257,MiMs,2015-09-08,Tuesday,11:12 PM,12
1258,1258,Damo,2015-09-08,Tuesday,11:12 PM,17
1259,1259,MiMs,2015-09-07,Monday,10:06 PM,17
1260,1260,MiMs,2015-09-07,Monday,10:03 PM,34
1261,1261,Damo,2015-09-07,Monday,09:59 PM,73
1262,1262,MiMs,2015-09-07,Monday,09:58 PM,20
1263,1263,Damo,2015-09-07,Monday,09:37 AM,18
1264,1264,MiMs,2015-09-07,Monday,09:37 AM,10
1265,1265,MiMs,2015-09-07,Monday,09:28 AM,10
1266,1266,Damo,2015-09-06,Sunday,02:51 AM,19
1267,1267,MiMs,2015-09-06,Sunday,02:50 AM,15
1268,1268,Damo,2015-09-05,Saturday,12:10 AM,12
1269,1269,Damo,2015-09-05,Saturday,12:01 AM,118
1270,1270,Damo,2015-09-05,Saturday,12:00 AM,51
1271,1271,MiMs,2015-09-04,Friday,11:59 PM,188
1272,1272,Damo,2015-09-04,Friday,12:39 AM,24
1273,1273,MiMs,2015-09-04,Friday,12:38 AM,28
1274,1274,MiMs,2015-09-02,Wednesday,07:27 AM,23
1275,1275,MiMs,2015-09-01,Tuesday,10:49 PM,22
1276,1276,MiMs,2015-09-01,Tuesday,02:33 AM,14
1277,1277,Damo,2015-09-01,Tuesday,02:32 AM,10
1278,1278,Damo,2015-09-01,Tuesday,01:48 AM,64
1279,1279,MiMs,2015-08-31,Monday,09:38 AM,19
1280,1280,MiMs,2015-08-30,Sunday,11:06 PM,21
1281,1281,Damo,2015-08-30,Sunday,11:06 PM,145
1282,1282,Damo,2015-08-29,Saturday,10:23 PM,46
1283,1283,MiMs,2015-08-29,Saturday,10:16 PM,11
1284,1284,MiMs,2015-08-29,Saturday,12:32 AM,15
1285,1285,Damo,2015-08-29,Saturday,12:32 AM,30
1286,1286,Damo,2015-08-29,Saturday,12:27 AM,24
1287,1287,MiMs,2015-08-29,Saturday,12:22 AM,52
1288,1288,Damo,2015-08-29,Saturday,12:19 AM,97
1289,1289,Damo,2015-08-27,Thursday,11:08 PM,22
1290,1290,MiMs,2015-08-27,Thursday,11:08 PM,10
1291,1291,Damo,2015-08-26,Wednesday,10:22 PM,21
1292,1292,MiMs,2015-08-26,Wednesday,09:55 PM,10
1293,1293,MiMs,2015-08-26,Wednesday,07:14 AM,8
1294,1294,MiMs,2015-08-26,Wednesday,07:14 AM,19
1295,1295,MiMs,2015-08-26,Wednesday,07:13 AM,10
1296,1296,Damo,2015-08-25,Tuesday,03:19 PM,27
1297,1297,MiMs,2015-08-25,Tuesday,03:19 PM,16
1298,1298,Damo,2015-08-24,Monday,10:13 PM,13
1299,1299,MiMs,2015-08-24,Monday,10:10 PM,16
1300,1300,Damo,2015-08-24,Monday,09:33 PM,16
1301,1301,MiMs,2015-08-23,Sunday,11:39 PM,14
1302,1302,Damo,2015-08-23,Sunday,11:39 PM,16
1303,1303,Damo,2015-08-22,Saturday,10:22 PM,14
1304,1304,MiMs,2015-08-22,Saturday,10:22 PM,10
1305,1305,Damo,2015-08-20,Thursday,11:16 PM,20
1306,1306,MiMs,2015-08-20,Thursday,10:52 PM,10
1307,1307,Damo,2015-08-20,Thursday,10:06 AM,49
1308,1308,Damo,2015-08-19,Wednesday,10:51 PM,22
1309,1309,MiMs,2015-08-19,Wednesday,10:50 PM,12
1310,1310,MiMs,2015-08-18,Tuesday,11:03 PM,12
1311,1311,Damo,2015-08-16,Sunday,10:17 PM,49
1312,1312,MiMs,2015-08-16,Sunday,10:12 PM,22
1313,1313,Damo,2015-08-16,Sunday,09:32 AM,14
1314,1314,MiMs,2015-08-16,Sunday,09:32 AM,10
1315,1315,MiMs,2015-08-16,Sunday,05:24 AM,23
1316,1316,Damo,2015-08-16,Sunday,05:23 AM,21
1317,1317,MiMs,2015-03-08,Sunday,01:23 PM,14
1318,1318,Damo,2015-03-08,Sunday,01:21 PM,42
1319,1319,Damo,2015-03-07,Saturday,07:09 PM,8
1320,1320,MiMs,2015-03-07,Saturday,12:32 AM,52
1321,1321,Damo,2015-03-07,Saturday,12:31 AM,14
1322,1322,MiMs,2015-03-06,Friday,09:16 PM,16
1323,1323,Damo,2015-03-06,Friday,08:59 PM,49
1324,1324,MiMs,2015-03-06,Friday,08:59 PM,32
1325,1325,Damo,2015-03-06,Friday,09:15 AM,63
1326,1326,MiMs,2015-03-06,Friday,12:09 AM,28
1327,1327,Damo,2015-03-06,Friday,12:09 AM,140
1328,1328,MiMs,2015-03-05,Thursday,08:22 AM,10
1329,1329,Damo,2015-03-05,Thursday,12:44 AM,54
1330,1330,Damo,2015-03-04,Wednesday,12:11 AM,22
1331,1331,MiMs,2015-03-04,Wednesday,12:11 AM,10
1332,1332,MiMs,2015-03-03,Tuesday,07:12 AM,19
1333,1333,Damo,2015-03-03,Tuesday,12:24 AM,19
1334,1334,Damo,2015-03-02,Monday,10:01 AM,17
1335,1335,Damo,2015-03-02,Monday,12:17 AM,23
1336,1336,MiMs,2015-03-02,Monday,12:14 AM,10
1337,1337,Damo,2015-03-01,Sunday,07:42 PM,15
1338,1338,MiMs,2015-03-01,Sunday,07:41 PM,41
1339,1339,MiMs,2015-03-01,Sunday,07:40 PM,10
1340,1340,MiMs,2015-03-01,Sunday,01:45 PM,189
1341,1341,MiMs,2015-03-01,Sunday,12:26 AM,16
1342,1342,Damo,2015-02-28,Saturday,06:16 PM,21
1343,1343,Damo,2015-02-27,Friday,11:59 PM,32
1344,1344,Damo,2015-02-27,Friday,11:58 PM,43
1345,1345,MiMs,2015-02-27,Friday,11:55 PM,14
1346,1346,Damo,2015-02-27,Friday,12:32 AM,61
1347,1347,Damo,2015-02-26,Thursday,02:07 AM,26
1348,1348,MiMs,2015-02-26,Thursday,02:04 AM,13
1349,1349,MiMs,2015-02-26,Thursday,01:49 AM,15
1350,1350,Damo,2015-02-26,Thursday,01:48 AM,15
1351,1351,Damo,2015-02-25,Wednesday,03:20 PM,14
1352,1352,Damo,2015-02-25,Wednesday,03:20 PM,19
1353,1353,MiMs,2015-02-25,Wednesday,03:20 PM,10
1354,1354,Damo,2015-02-25,Wednesday,10:10 AM,12
1355,1355,Damo,2015-02-24,Tuesday,10:23 PM,26
1356,1356,MiMs,2015-02-24,Tuesday,10:22 PM,16
1357,1357,Damo,2015-02-24,Tuesday,01:25 AM,159
1358,1358,MiMs,2015-02-24,Tuesday,12:13 AM,8
1359,1359,Damo,2015-02-22,Sunday,11:09 PM,24
1360,1360,MiMs,2015-02-22,Sunday,11:08 PM,14
1361,1361,MiMs,2015-02-22,Sunday,09:10 AM,10
1362,1362,Damo,2015-02-21,Saturday,01:11 AM,15
1363,1363,MiMs,2015-02-21,Saturday,01:11 AM,12
1364,1364,MiMs,2015-02-19,Thursday,11:44 PM,24
1365,1365,MiMs,2015-02-19,Thursday,12:36 PM,16
1366,1366,Damo,2015-02-19,Thursday,12:35 PM,15
1367,1367,MiMs,2015-02-19,Thursday,12:17 AM,10
1368,1368,Damo,2015-02-18,Wednesday,10:07 AM,91
1369,1369,MiMs,2015-02-18,Wednesday,10:06 AM,19
1370,1370,MiMs,2015-02-17,Tuesday,11:17 PM,28
1371,1371,Damo,2015-02-17,Tuesday,11:15 PM,63
1372,1372,MiMs,2015-02-17,Tuesday,10:39 PM,12
1373,1373,MiMs,2015-02-17,Tuesday,09:18 PM,15
1374,1374,Damo,2015-02-17,Tuesday,09:18 PM,15
1375,1375,MiMs,2015-02-16,Monday,10:16 PM,14
1376,1376,Damo,2015-02-16,Monday,10:13 PM,18
1377,1377,Damo,2015-02-15,Sunday,11:45 PM,26
1378,1378,Damo,2015-02-15,Sunday,08:21 PM,31
1379,1379,Damo,2015-02-11,Wednesday,11:09 PM,37
1380,1380,Damo,2015-02-10,Tuesday,10:15 PM,20
1381,1381,MiMs,2015-02-10,Tuesday,10:11 PM,10
1382,1382,MiMs,2015-02-09,Monday,10:56 PM,26
1383,1383,MiMs,2015-02-08,Sunday,10:54 PM,25
1384,1384,Damo,2015-02-08,Sunday,10:54 PM,83
1385,1385,Damo,2015-02-07,Saturday,01:25 AM,12
1386,1386,MiMs,2015-02-05,Thursday,12:21 AM,18
1387,1387,Damo,2015-02-05,Thursday,12:21 AM,24
1388,1388,Damo,2015-02-03,Tuesday,10:58 PM,51
1389,1389,MiMs,2015-02-03,Tuesday,10:53 PM,11
1390,1390,MiMs,2015-02-03,Tuesday,05:53 PM,21
1391,1391,Damo,2015-02-03,Tuesday,02:45 PM,14
1392,1392,MiMs,2015-02-03,Tuesday,02:21 PM,10
1393,1393,Damo,2015-02-03,Tuesday,12:49 AM,17
1394,1394,Damo,2015-02-02,Monday,09:34 PM,20
1395,1395,MiMs,2015-02-02,Monday,09:34 PM,15
1396,1396,Damo,2015-02-02,Monday,12:51 AM,19
1397,1397,Damo,2015-02-02,Monday,12:01 AM,58
1398,1398,MiMs,2015-02-01,Sunday,09:32 PM,21
1399,1399,Damo,2015-02-01,Sunday,09:32 PM,10
1400,1400,MiMs,2015-02-01,Sunday,09:16 PM,19
1401,1401,Damo,2015-02-01,Sunday,09:16 PM,10
1402,1402,Damo,2015-01-31,Saturday,12:08 AM,40
1403,1403,MiMs,2015-01-30,Friday,11:52 PM,10
1404,1404,MiMs,2015-01-30,Friday,12:34 AM,26
1405,1405,Damo,2015-01-30,Friday,12:34 AM,10
1406,1406,MiMs,2015-01-30,Friday,12:28 AM,25
1407,1407,MiMs,2015-01-29,Thursday,11:15 PM,14
1408,1408,Damo,2015-01-29,Thursday,09:56 PM,15
1409,1409,Damo,2015-01-29,Thursday,09:55 PM,21
1410,1410,Damo,2015-01-29,Thursday,02:24 PM,20
1411,1411,MiMs,2014-04-11,Friday,12:46 AM,61
1412,1412,MiMs,2014-04-07,Monday,12:25 AM,53
1413,1413,Damo,2014-04-07,Monday,12:24 AM,174
1414,1414,Damo,2014-04-07,Monday,12:12 AM,30
1415,1415,MiMs,2014-04-07,Monday,12:12 AM,15
1416,1416,Damo,2014-04-07,Monday,12:06 AM,44
1417,1417,MiMs,2014-04-03,Thursday,01:27 AM,78
1418,1418,Damo,2014-04-03,Thursday,01:26 AM,195
1419,1419,Damo,2014-03-30,Sunday,12:23 AM,55
1420,1420,MiMs,2014-03-30,Sunday,12:22 AM,69
1421,1421,MiMs,2014-03-23,Sunday,11:22 PM,47
1422,1422,Damo,2014-03-23,Sunday,11:20 PM,123
1423,1423,Damo,2014-03-22,Saturday,01:45 AM,24
1424,1424,MiMs,2014-03-22,Saturday,01:45 AM,20
1425,1425,Damo,2014-03-20,Thursday,02:00 AM,29
1426,1426,MiMs,2014-03-19,Wednesday,11:06 PM,24
1427,1427,Damo,2014-03-19,Wednesday,11:06 PM,10
1428,1428,Damo,2014-03-18,Tuesday,01:31 AM,27
1429,1429,Damo,2014-03-18,Tuesday,01:30 AM,12
1430,1430,MiMs,2014-03-18,Tuesday,01:29 AM,7
1431,1431,Damo,2014-03-11,Tuesday,10:45 PM,15
1432,1432,MiMs,2014-03-10,Monday,01:06 AM,12
1433,1433,Damo,2014-03-10,Monday,01:05 AM,25
1434,1434,MiMs,2014-03-03,Monday,12:38 AM,16
1435,1435,Damo,2014-03-03,Monday,12:38 AM,106
1436,1436,MiMs,2014-03-01,Saturday,10:08 PM,23
1437,1437,Damo,2014-03-01,Saturday,10:06 PM,84
1438,1438,MiMs,2014-02-19,Wednesday,01:18 PM,19
1439,1439,MiMs,2014-02-19,Wednesday,01:32 AM,14
1440,1440,Damo,2014-02-19,Wednesday,01:31 AM,211
1441,1441,MiMs,2014-02-11,Tuesday,01:20 AM,48
1442,1442,Damo,2014-02-11,Tuesday,01:19 AM,379
1443,1443,Damo,2014-02-09,Sunday,11:30 PM,36
1444,1444,Damo,2014-02-05,Wednesday,03:04 AM,36
1445,1445,Damo,2014-02-05,Wednesday,01:57 AM,47
1446,1446,Damo,2014-02-03,Monday,08:52 PM,78
1447,1447,MiMs,2014-02-01,Saturday,11:16 PM,82
1448,1448,Damo,2014-02-01,Saturday,11:15 PM,89
1449,1449,MiMs,2014-01-30,Thursday,09:50 PM,14
1450,1450,MiMs,2014-01-30,Thursday,09:48 PM,10
1451,1451,MiMs,2014-01-24,Friday,12:31 AM,18
1452,1452,Damo,2014-01-24,Friday,12:31 AM,96
1453,1453,MiMs,2014-01-14,Tuesday,11:26 PM,29
1454,1454,Damo,2014-01-14,Tuesday,11:25 PM,40
1455,1455,MiMs,2014-01-14,Tuesday,09:58 PM,53
1456,1456,Damo,2014-01-14,Tuesday,09:56 PM,10
1457,1457,Damo,2014-01-13,Monday,11:43 PM,315
1458,1458,MiMs,2014-01-13,Monday,11:39 PM,295
1459,1459,Damo,2013-12-09,Monday,12:20 AM,39
1460,1460,MiMs,2013-12-09,Monday,12:16 AM,114
1461,1461,MiMs,2013-12-08,Sunday,11:23 PM,28
1462,1462,MiMs,2013-11-25,Monday,12:48 PM,30
1463,1463,Damo,2013-11-25,Monday,12:47 PM,452
1464,1464,Damo,2013-11-24,Sunday,10:14 PM,128
1465,1465,Damo,2013-11-24,Sunday,12:27 AM,38
1466,1466,MiMs,2013-11-24,Sunday,12:26 AM,39
1467,1467,Damo,2013-11-21,Thursday,12:39 AM,55
1468,1468,MiMs,2013-11-21,Thursday,12:36 AM,113
1469,1469,Damo,2013-11-20,Wednesday,01:04 AM,23
1470,1470,MiMs,2013-11-20,Wednesday,12:32 AM,17
1471,1471,Damo,2013-10-18,Friday,01:02 AM,31
1472,1472,MiMs,2013-10-17,Thursday,09:58 PM,20
1473,1473,MiMs,2013-10-07,Monday,12:46 AM,14
1474,1474,Damo,2013-10-07,Monday,12:46 AM,20
1475,1475,Damo,2013-10-07,Monday,12:42 AM,81
1476,1476,MiMs,2013-10-07,Monday,12:41 AM,88
1477,1477,Damo,2013-09-26,Thursday,12:23 AM,28
1478,1478,Damo,2013-09-21,Saturday,12:09 AM,73
1479,1479,MiMs,2013-09-20,Friday,01:00 AM,14
1480,1480,Damo,2013-09-19,Thursday,10:28 PM,87
1481,1481,Damo,2013-09-16,Monday,11:51 PM,47
1482,1482,MiMs,2013-09-16,Monday,11:51 PM,67
1483,1483,Damo,2013-09-16,Monday,11:50 PM,54
1484,1484,MiMs,2013-09-16,Monday,11:49 PM,28
1485,1485,MiMs,2013-09-14,Saturday,02:57 PM,12
1486,1486,Damo,2013-09-14,Saturday,02:57 PM,14
1487,1487,MiMs,2013-09-14,Saturday,10:35 AM,19
1488,1488,Damo,2013-09-14,Saturday,10:35 AM,16
1489,1489,MiMs,2013-09-05,Thursday,12:25 AM,29
1490,1490,Damo,2013-09-05,Thursday,12:20 AM,90
1491,1491,Damo,2013-09-01,Sunday,11:28 PM,22
1492,1492,MiMs,2013-09-01,Sunday,11:28 PM,14
1493,1493,MiMs,2013-08-23,Friday,11:43 PM,11
1494,1494,Damo,2013-08-19,Monday,07:27 PM,103
1495,1495,MiMs,2013-08-19,Monday,07:21 PM,19
1496,1496,MiMs,2013-08-18,Sunday,12:35 AM,17
1497,1497,Damo,2013-08-18,Sunday,12:35 AM,12
1498,1498,Damo,2013-08-17,Saturday,11:47 PM,22
1499,1499,MiMs,2013-08-17,Saturday,11:47 PM,33
1500,1500,Damo,2013-08-17,Saturday,11:42 PM,39
1501,1501,MiMs,2013-08-17,Saturday,12:57 AM,126
1502,1502,Damo,2013-08-17,Saturday,12:55 AM,87
1503,1503,Damo,2013-08-15,Thursday,11:22 PM,74
1504,1504,MiMs,2013-08-15,Thursday,11:22 PM,24
1505,1505,Damo,2013-08-15,Thursday,10:58 PM,28
1506,1506,Damo,2013-08-15,Thursday,10:57 PM,51
1507,1507,Damo,2013-08-15,Thursday,10:57 PM,14
1508,1508,MiMs,2013-08-15,Thursday,10:56 PM,15
1509,1509,MiMs,2013-08-10,Saturday,04:44 AM,10
1510,1510,Damo,2013-08-10,Saturday,12:49 AM,17
1511,1511,MiMs,2013-08-09,Friday,10:44 PM,10
1512,1512,Damo,2013-08-08,Thursday,12:06 AM,35
1513,1513,MiMs,2013-08-08,Thursday,12:05 AM,40
1514,1514,MiMs,2013-08-07,Wednesday,01:27 AM,113
1515,1515,Damo,2013-08-07,Wednesday,01:26 AM,45
1516,1516,Damo,2013-08-07,Wednesday,01:25 AM,13
1517,1517,Damo,2013-08-07,Wednesday,01:24 AM,13
1518,1518,Damo,2013-08-04,Sunday,11:44 PM,21
1519,1519,MiMs,2013-08-04,Sunday,11:44 PM,14
1520,1520,MiMs,2013-07-26,Friday,01:11 AM,13
1521,1521,Damo,2013-07-26,Friday,01:10 AM,14
1522,1522,MiMs,2013-07-26,Friday,01:10 AM,35
1523,1523,Damo,2013-07-19,Friday,12:01 AM,21
1524,1524,MiMs,2013-07-19,Friday,12:01 AM,10
1525,1525,MiMs,2013-07-18,Thursday,02:09 AM,49
1526,1526,Damo,2013-07-18,Thursday,02:08 AM,60
1527,1527,Damo,2013-07-07,Sunday,11:26 PM,26
1528,1528,Damo,2013-07-07,Sunday,10:54 PM,10
1529,1529,MiMs,2013-07-07,Sunday,10:43 PM,55
1530,1530,MiMs,2013-07-07,Sunday,10:41 PM,14
1531,1531,Damo,2013-07-05,Friday,09:13 PM,22
1532,1532,MiMs,2013-07-05,Friday,09:13 PM,17
1533,1533,MiMs,2013-06-30,Sunday,08:57 PM,14
1534,1534,Damo,2013-06-30,Sunday,08:56 PM,15
1535,1535,MiMs,2013-06-24,Monday,11:42 PM,20
1536,1536,Damo,2013-06-24,Monday,11:41 PM,33
1537,1537,MiMs,2013-06-18,Tuesday,11:38 PM,14
1538,1538,Damo,2013-06-18,Tuesday,11:38 PM,44
1539,1539,MiMs,2013-06-18,Tuesday,12:15 AM,14
1540,1540,Damo,2013-06-18,Tuesday,12:14 AM,15
1541,1541,MiMs,2013-06-17,Monday,09:46 PM,62
1542,1542,Damo,2013-06-17,Monday,09:45 PM,43
1543,1543,MiMs,2013-06-16,Sunday,10:04 PM,17
1544,1544,Damo,2013-06-16,Sunday,10:04 PM,30
1545,1545,MiMs,2013-06-04,Tuesday,10:20 PM,18
1546,1546,Damo,2013-06-04,Tuesday,10:19 PM,15
1547,1547,MiMs,2013-06-04,Tuesday,10:17 PM,12
1548,1548,Damo,2013-06-04,Tuesday,10:17 PM,96
1549,1549,MiMs,2013-05-29,Wednesday,10:58 PM,108
1550,1550,Damo,2013-05-29,Wednesday,10:57 PM,134
1551,1551,MiMs,2013-05-26,Sunday,10:21 PM,73
1552,1552,Damo,2013-05-26,Sunday,10:20 PM,23
1553,1553,MiMs,2013-05-26,Sunday,10:20 PM,10
1554,1554,MiMs,2013-05-21,Tuesday,09:56 PM,42
1555,1555,Damo,2013-05-21,Tuesday,09:55 PM,44
1556,1556,Damo,2013-05-19,Sunday,10:40 PM,20
1557,1557,Damo,2013-05-17,Friday,11:02 PM,28
1558,1558,MiMs,2013-05-17,Friday,08:48 PM,56
1559,1559,Damo,2013-05-02,Thursday,10:17 PM,18
1560,1560,MiMs,2013-05-02,Thursday,10:17 PM,23
1561,1561,Damo,2013-05-02,Thursday,10:14 PM,20
1562,1562,Damo,2013-04-30,Tuesday,11:28 PM,25
1563,1563,MiMs,2013-04-30,Tuesday,11:27 PM,70
1564,1564,Damo,2013-04-29,Monday,11:06 PM,23
1565,1565,MiMs,2013-04-29,Monday,11:06 PM,12
1566,1566,Damo,2013-04-29,Monday,11:05 PM,16
1567,1567,MiMs,2013-04-28,Sunday,10:18 PM,87
1568,1568,Damo,2013-04-28,Sunday,10:18 PM,51
1569,1569,MiMs,2013-04-25,Thursday,11:06 PM,19
1570,1570,Damo,2013-04-25,Thursday,11:05 PM,81
1571,1571,Damo,2013-04-23,Tuesday,09:39 PM,201
1572,1572,MiMs,2013-04-20,Saturday,08:59 PM,25
1573,1573,MiMs,2013-04-18,Thursday,10:29 PM,41
1574,1574,MiMs,2013-04-16,Tuesday,08:03 PM,38
1575,1575,Damo,2013-04-08,Monday,10:29 PM,182
1576,1576,MiMs,2013-03-27,Wednesday,10:18 PM,65
1577,1577,Damo,2013-03-14,Thursday,09:11 PM,15
1578,1578,MiMs,2013-03-10,Sunday,10:57 PM,14
1579,1579,MiMs,2013-03-07,Thursday,11:55 PM,13
1580,1580,Damo,2013-03-07,Thursday,11:54 PM,96
1581,1581,Damo,2014-11-05,Wednesday,10:53 PM,190
1582,1582,MiMs,2014-11-05,Wednesday,11:28 AM,40
1583,1583,Damo,2014-11-03,Monday,06:17 PM,100
1584,1584,Damo,2014-11-02,Sunday,11:05 PM,19
1585,1585,MiMs,2014-11-02,Sunday,11:04 PM,10
1586,1586,MiMs,2014-11-02,Sunday,08:35 PM,92
1587,1587,Damo,2014-11-02,Sunday,12:32 AM,21
1588,1588,MiMs,2014-11-02,Sunday,12:31 AM,10
1589,1589,MiMs,2014-11-01,Saturday,02:09 AM,14
1590,1590,Damo,2014-10-30,Thursday,10:01 PM,16
1591,1591,MiMs,2014-10-30,Thursday,10:01 PM,10
1592,1592,Damo,2014-10-27,Monday,11:44 PM,8
1593,1593,Damo,2014-10-27,Monday,11:42 PM,31
1594,1594,Damo,2014-10-27,Monday,11:37 PM,57
1595,1595,MiMs,2014-10-27,Monday,12:36 AM,12
1596,1596,Damo,2014-10-27,Monday,12:36 AM,13
1597,1597,MiMs,2014-10-26,Sunday,12:56 AM,14
1598,1598,Damo,2014-10-26,Sunday,12:55 AM,101
1599,1599,Damo,2014-10-25,Saturday,01:52 AM,23
1600,1600,MiMs,2014-10-25,Saturday,01:51 AM,27
1601,1601,MiMs,2014-10-24,Friday,12:15 AM,15
1602,1602,Damo,2014-10-24,Friday,12:12 AM,17
1603,1603,Damo,2014-10-21,Tuesday,12:42 AM,146
1604,1604,MiMs,2014-10-21,Tuesday,12:41 AM,103
1605,1605,Damo,2014-10-20,Monday,12:04 AM,23
1606,1606,MiMs,2014-10-20,Monday,12:03 AM,13
1607,1607,MiMs,2014-10-19,Sunday,02:07 AM,17
1608,1608,Damo,2014-10-19,Sunday,02:07 AM,52
1609,1609,MiMs,2014-10-16,Thursday,11:52 PM,32
1610,1610,MiMs,2014-10-16,Thursday,11:48 PM,8
1611,1611,MiMs,2014-10-16,Thursday,11:43 PM,17
1612,1612,Damo,2014-10-16,Thursday,11:42 PM,19
1613,1613,Damo,2014-10-16,Thursday,11:11 PM,33
1614,1614,MiMs,2014-10-16,Thursday,11:11 PM,32
1615,1615,MiMs,2014-10-16,Thursday,01:29 AM,24
1616,1616,Damo,2014-10-16,Thursday,01:28 AM,26
1617,1617,MiMs,2014-10-14,Tuesday,11:13 PM,12
1618,1618,Damo,2014-10-14,Tuesday,11:13 PM,12
1619,1619,Damo,2014-10-14,Tuesday,11:11 PM,98
1620,1620,MiMs,2014-10-14,Tuesday,12:53 AM,8
1621,1621,Damo,2014-10-11,Saturday,01:09 AM,15
1622,1622,MiMs,2014-10-11,Saturday,01:09 AM,10
1623,1623,MiMs,2014-10-10,Friday,07:59 PM,24
1624,1624,Damo,2014-10-10,Friday,07:46 PM,10
1625,1625,Damo,2014-10-09,Thursday,11:31 PM,16
1626,1626,MiMs,2014-10-09,Thursday,11:31 PM,27
1627,1627,MiMs,2014-10-08,Wednesday,11:48 PM,33
1628,1628,Damo,2014-10-07,Tuesday,10:54 PM,7
1629,1629,MiMs,2014-10-07,Tuesday,10:36 PM,14
1630,1630,Damo,2014-10-07,Tuesday,10:36 PM,47
1631,1631,Damo,2014-10-06,Monday,12:23 AM,29
1632,1632,MiMs,2014-10-05,Sunday,08:04 PM,381
1633,1633,MiMs,2014-10-02,Thursday,11:48 PM,52
1634,1634,Damo,2014-10-02,Thursday,11:48 PM,100
1635,1635,MiMs,2014-10-02,Thursday,10:09 PM,23
1636,1636,Damo,2014-10-02,Thursday,12:37 AM,18
1637,1637,MiMs,2014-10-02,Thursday,12:37 AM,10
1638,1638,MiMs,2014-09-29,Monday,11:03 PM,235
1639,1639,Damo,2014-09-29,Monday,11:01 PM,180
1640,1640,Damo,2014-09-25,Thursday,10:46 PM,28
1641,1641,MiMs,2014-09-25,Thursday,10:45 PM,10
1642,1642,Damo,2014-09-23,Tuesday,11:19 PM,35
1643,1643,MiMs,2014-09-23,Tuesday,11:17 PM,58
1644,1644,MiMs,2014-09-22,Monday,10:35 PM,60
1645,1645,Damo,2014-09-22,Monday,10:34 PM,16
1646,1646,MiMs,2014-09-22,Monday,12:50 AM,16
1647,1647,Damo,2014-09-22,Monday,12:49 AM,24
1648,1648,Damo,2014-09-22,Monday,12:21 AM,34
1649,1649,Damo,2014-09-21,Sunday,10:28 PM,52
1650,1650,MiMs,2014-09-21,Sunday,10:27 PM,14
1651,1651,Damo,2014-09-21,Sunday,10:23 PM,30
1652,1652,Damo,2014-09-18,Thursday,11:52 PM,40
1653,1653,MiMs,2014-09-18,Thursday,11:50 PM,28
1654,1654,MiMs,2014-09-15,Monday,10:56 PM,38
1655,1655,Damo,2014-09-14,Sunday,11:52 PM,18
1656,1656,Damo,2014-09-14,Sunday,11:50 PM,16
1657,1657,MiMs,2014-09-14,Sunday,11:49 PM,26
1658,1658,Damo,2014-09-13,Saturday,11:45 PM,29
1659,1659,MiMs,2014-09-13,Saturday,11:45 PM,57
1660,1660,MiMs,2014-09-13,Saturday,11:43 PM,72
1661,1661,Damo,2014-09-13,Saturday,03:54 AM,11
1662,1662,Damo,2014-09-13,Saturday,01:09 AM,56
1663,1663,MiMs,2014-09-11,Thursday,10:38 PM,14
1664,1664,Damo,2014-09-11,Thursday,10:38 PM,41
1665,1665,Damo,2014-09-09,Tuesday,11:09 PM,35
1666,1666,MiMs,2014-09-09,Tuesday,11:09 PM,14
1667,1667,MiMs,2014-06-24,Tuesday,09:42 AM,41
1668,1668,MiMs,2014-05-06,Tuesday,01:17 AM,26
1669,1669,Damo,2014-05-06,Tuesday,01:16 AM,118
1670,1670,Damo,2014-04-30,Wednesday,12:36 AM,24
1671,1671,Damo,2014-04-29,Tuesday,11:13 PM,25
1672,1672,MiMs,2014-04-29,Tuesday,11:11 PM,22
1673,1673,MiMs,2014-04-29,Tuesday,04:41 PM,14
1674,1674,Damo,2014-04-29,Tuesday,04:41 PM,10
1675,1675,Damo,2014-04-28,Monday,12:29 AM,96
1676,1676,Damo,2014-04-24,Thursday,11:43 PM,502
1677,1677,MiMs,2015-04-18,Saturday,08:39 PM,56
1678,1678,MiMs,2015-04-18,Saturday,01:00 PM,33
1679,1679,MiMs,2015-04-18,Saturday,02:49 AM,13
1680,1680,Damo,2015-04-18,Saturday,01:07 AM,13
1681,1681,Damo,2015-04-16,Thursday,09:59 PM,22
1682,1682,Damo,2015-04-16,Thursday,10:02 AM,15
1683,1683,MiMs,2015-04-16,Thursday,10:01 AM,10
1684,1684,MiMs,2015-04-15,Wednesday,11:18 PM,75
1685,1685,Damo,2015-04-15,Wednesday,11:17 PM,76
1686,1686,MiMs,2015-04-15,Wednesday,11:54 AM,42
1687,1687,MiMs,2015-04-15,Wednesday,09:08 AM,10
1688,1688,Damo,2015-04-14,Tuesday,10:03 PM,67
1689,1689,MiMs,2015-04-14,Tuesday,03:56 PM,10
1690,1690,Damo,2015-04-14,Tuesday,03:30 PM,29
1691,1691,MiMs,2015-04-14,Tuesday,03:30 PM,18
1692,1692,MiMs,2015-04-13,Monday,10:57 PM,34
1693,1693,Damo,2015-04-13,Monday,04:41 PM,46
1694,1694,Damo,2015-04-13,Monday,04:08 PM,19
1695,1695,Damo,2015-04-13,Monday,03:56 PM,10
1696,1696,MiMs,2015-04-13,Monday,11:52 AM,46
1697,1697,Damo,2015-04-12,Sunday,11:18 PM,23
1698,1698,MiMs,2015-04-12,Sunday,11:17 PM,12
1699,1699,MiMs,2015-04-12,Sunday,11:35 AM,14
1700,1700,Damo,2015-04-12,Sunday,01:51 AM,16
1701,1701,Damo,2015-04-11,Saturday,11:03 PM,33
1702,1702,MiMs,2015-04-11,Saturday,10:47 PM,10
1703,1703,Damo,2015-04-11,Saturday,01:02 AM,20
1704,1704,MiMs,2015-04-11,Saturday,01:00 AM,10
1705,1705,Damo,2015-04-10,Friday,11:54 PM,21
1706,1706,Damo,2015-04-09,Thursday,11:32 PM,23
1707,1707,MiMs,2015-04-09,Thursday,11:30 PM,8
1708,1708,MiMs,2015-04-09,Thursday,09:58 AM,15
1709,1709,MiMs,2015-04-09,Thursday,09:45 AM,141
1710,1710,Damo,2015-04-09,Thursday,12:08 AM,20
1711,1711,MiMs,2015-04-08,Wednesday,11:56 PM,8
1712,1712,MiMs,2015-04-08,Wednesday,08:27 PM,31
1713,1713,Damo,2015-04-08,Wednesday,02:36 PM,14
1714,1714,MiMs,2015-04-08,Wednesday,02:34 PM,10
1715,1715,MiMs,2015-04-07,Tuesday,11:26 PM,14
1716,1716,Damo,2015-04-07,Tuesday,11:26 PM,19
1717,1717,Damo,2015-04-07,Tuesday,12:49 PM,20
1718,1718,MiMs,2015-04-05,Sunday,04:24 PM,66
1719,1719,Damo,2015-04-05,Sunday,11:04 AM,48
1720,1720,MiMs,2015-04-05,Sunday,11:02 AM,19
1721,1721,MiMs,2015-04-01,Wednesday,11:17 PM,8
1722,1722,Damo,2015-04-01,Wednesday,12:59 PM,34
1723,1723,MiMs,2015-03-31,Tuesday,11:35 PM,18
1724,1724,Damo,2015-03-31,Tuesday,11:35 PM,40
1725,1725,Damo,2015-03-30,Monday,11:50 PM,32
1726,1726,Damo,2015-03-30,Monday,07:23 PM,19
1727,1727,Damo,2015-03-30,Monday,11:16 AM,54
1728,1728,MiMs,2015-03-30,Monday,01:12 AM,15
1729,1729,MiMs,2015-03-30,Monday,01:12 AM,12
1730,1730,Damo,2015-03-28,Saturday,10:49 PM,17
1731,1731,MiMs,2015-03-28,Saturday,10:46 PM,10
1732,1732,Damo,2015-03-28,Saturday,01:38 PM,19
1733,1733,Damo,2015-03-28,Saturday,01:03 AM,21
1734,1734,MiMs,2015-03-28,Saturday,01:02 AM,14
1735,1735,MiMs,2015-03-28,Saturday,12:01 AM,15
1736,1736,MiMs,2015-03-27,Friday,01:52 AM,12
1737,1737,Damo,2015-03-27,Friday,01:52 AM,10
1738,1738,MiMs,2015-03-26,Thursday,01:20 PM,14
1739,1739,Damo,2015-03-26,Thursday,01:20 PM,29
1740,1740,MiMs,2015-03-26,Thursday,12:18 AM,8
1741,1741,Damo,2015-03-26,Thursday,12:17 AM,126
1742,1742,MiMs,2015-03-25,Wednesday,12:02 AM,22
1743,1743,Damo,2015-03-25,Wednesday,12:01 AM,18
1744,1744,MiMs,2015-03-24,Tuesday,11:44 PM,41
1745,1745,Damo,2015-03-23,Monday,09:43 AM,10
1746,1746,MiMs,2015-03-22,Sunday,11:57 PM,10
1747,1747,MiMs,2015-03-22,Sunday,12:52 PM,36
1748,1748,MiMs,2015-03-22,Sunday,11:02 AM,26
1749,1749,MiMs,2015-03-22,Sunday,12:05 AM,24
1750,1750,Damo,2015-03-22,Sunday,12:03 AM,20
1751,1751,Damo,2015-03-20,Friday,01:03 AM,14
1752,1752,MiMs,2015-03-19,Thursday,06:31 PM,20
1753,1753,Damo,2015-03-19,Thursday,06:31 PM,24
1754,1754,MiMs,2015-03-19,Thursday,06:27 PM,10
1755,1755,MiMs,2015-03-19,Thursday,06:21 PM,17
1756,1756,MiMs,2015-03-19,Thursday,08:45 AM,14
1757,1757,MiMs,2015-03-19,Thursday,03:23 AM,57
1758,1758,Damo,2015-03-18,Wednesday,11:54 PM,13
1759,1759,Damo,2015-03-18,Wednesday,03:58 PM,59
1760,1760,Damo,2015-03-18,Wednesday,02:48 PM,10
1761,1761,Damo,2015-03-18,Wednesday,12:46 AM,11
1762,1762,Damo,2015-03-17,Tuesday,12:20 AM,8
1763,1763,MiMs,2015-03-16,Monday,10:54 PM,14
1764,1764,Damo,2015-03-16,Monday,10:53 PM,14
1765,1765,MiMs,2015-03-15,Sunday,10:52 PM,97
1766,1766,MiMs,2015-03-15,Sunday,03:24 PM,32
1767,1767,MiMs,2015-03-15,Sunday,12:06 AM,21
1768,1768,Damo,2015-03-15,Sunday,12:05 AM,58
1769,1769,Damo,2015-03-15,Sunday,12:02 AM,38
1770,1770,MiMs,2015-03-15,Sunday,12:02 AM,16
1771,1771,MiMs,2015-03-13,Friday,09:03 PM,16
1772,1772,Damo,2015-03-13,Friday,10:41 AM,10
1773,1773,Damo,2015-03-12,Thursday,12:04 AM,46
1774,1774,MiMs,2015-03-12,Thursday,12:00 AM,143
1775,1775,Damo,2015-03-10,Tuesday,11:19 PM,22
1776,1776,MiMs,2015-03-10,Tuesday,11:18 PM,19
1777,1777,Damo,2015-03-10,Tuesday,06:14 PM,17
1778,1778,MiMs,2015-03-10,Tuesday,06:13 PM,13
1779,1779,MiMs,2015-03-09,Monday,11:44 PM,15
1780,1780,Damo,2015-03-09,Monday,11:36 AM,18
1781,1781,MiMs,2015-03-09,Monday,11:33 AM,10
1782,1782,Damo,2015-03-08,Sunday,11:10 PM,22
1783,1783,MiMs,2015-03-08,Sunday,11:06 PM,10
1784,1784,MiMs,2020-01-14,Tuesday,08:55 AM,25
1785,1785,Damo,2019-10-31,Thursday,01:23 PM,31
1786,1786,MiMs,2019-10-31,Thursday,01:23 PM,20
1787,1787,MiMs,2019-10-24,Thursday,06:26 PM,54
1788,1788,Damo,2019-10-24,Thursday,06:25 PM,48
1789,1789,MiMs,2019-10-14,Monday,10:32 AM,13
1790,1790,MiMs,2019-10-01,Tuesday,05:24 PM,24
1791,1791,Damo,2019-10-01,Tuesday,05:20 PM,24
1792,1792,Damo,2019-09-19,Thursday,02:26 PM,18
1793,1793,MiMs,2019-09-19,Thursday,02:25 PM,10
1794,1794,MiMs,2019-09-18,Wednesday,12:41 PM,10
1795,1795,MiMs,2019-09-09,Monday,10:33 AM,23
1796,1796,MiMs,2019-08-30,Friday,10:59 AM,16
1797,1797,Damo,2019-08-29,Thursday,05:47 PM,13
1798,1798,MiMs,2019-08-29,Thursday,05:46 PM,14
1799,1799,MiMs,2019-08-28,Wednesday,01:12 PM,27
1800,1800,Damo,2019-08-08,Thursday,02:28 PM,14
1801,1801,Damo,2019-07-27,Saturday,12:47 AM,15
1802,1802,MiMs,2019-07-27,Saturday,12:46 AM,10
1803,1803,MiMs,2019-07-26,Friday,03:57 PM,14
1804,1804,Damo,2019-07-26,Friday,03:57 PM,45
1805,1805,MiMs,2019-07-25,Thursday,10:15 AM,10
1806,1806,MiMs,2019-07-24,Wednesday,08:48 AM,10
1807,1807,MiMs,2015-11-14,Saturday,09:18 PM,14
1808,1808,Damo,2015-11-14,Saturday,12:26 AM,26
1809,1809,MiMs,2015-11-14,Saturday,12:25 AM,88
1810,1810,Damo,2015-11-11,Wednesday,11:18 PM,16
1811,1811,MiMs,2015-11-11,Wednesday,11:17 PM,8
1812,1812,Damo,2015-11-10,Tuesday,11:00 PM,22
1813,1813,MiMs,2015-11-10,Tuesday,11:00 PM,8
1814,1814,Damo,2015-11-10,Tuesday,12:55 AM,38
1815,1815,MiMs,2015-11-10,Tuesday,12:54 AM,8
1816,1816,Damo,2015-11-08,Sunday,09:59 PM,23
1817,1817,MiMs,2015-11-08,Sunday,09:55 PM,8
1818,1818,Damo,2015-11-08,Sunday,08:31 AM,19
1819,1819,MiMs,2015-11-08,Sunday,08:22 AM,18
1820,1820,Damo,2015-11-08,Sunday,05:32 AM,43
1821,1821,MiMs,2015-11-08,Sunday,05:31 AM,36
1822,1822,MiMs,2015-11-08,Sunday,05:06 AM,14
1823,1823,Damo,2015-11-08,Sunday,05:06 AM,43
1824,1824,Damo,2015-11-05,Thursday,05:36 PM,24
1825,1825,MiMs,2015-11-05,Thursday,05:33 PM,10
1826,1826,Damo,2015-11-04,Wednesday,10:27 PM,85
1827,1827,MiMs,2015-11-04,Wednesday,10:25 PM,15
1828,1828,Damo,2015-11-03,Tuesday,09:56 PM,15
1829,1829,MiMs,2015-11-03,Tuesday,09:56 PM,10
1830,1830,Damo,2015-11-02,Monday,10:20 PM,19
1831,1831,MiMs,2015-11-02,Monday,10:19 PM,10
1832,1832,Damo,2015-11-01,Sunday,09:41 PM,15
1833,1833,MiMs,2015-11-01,Sunday,09:41 PM,10
1834,1834,Damo,2015-10-30,Friday,10:59 PM,13
1835,1835,Damo,2015-10-30,Friday,10:31 PM,21
1836,1836,MiMs,2015-10-30,Friday,10:31 PM,10
1837,1837,Damo,2015-10-29,Thursday,10:47 PM,22
1838,1838,MiMs,2015-10-29,Thursday,10:46 PM,10
1839,1839,MiMs,2015-10-29,Thursday,05:52 PM,12
1840,1840,Damo,2015-10-29,Thursday,05:52 PM,114
1841,1841,Damo,2015-10-28,Wednesday,10:33 PM,75
1842,1842,MiMs,2015-10-28,Wednesday,10:32 PM,34
1843,1843,Damo,2015-10-27,Tuesday,11:15 PM,32
1844,1844,MiMs,2015-10-27,Tuesday,11:13 PM,22
1845,1845,Damo,2015-10-26,Monday,10:04 PM,42
1846,1846,MiMs,2015-10-26,Monday,10:03 PM,20
1847,1847,MiMs,2015-10-26,Monday,03:20 PM,44
1848,1848,Damo,2015-10-26,Monday,03:19 PM,10
1849,1849,Damo,2015-10-25,Sunday,10:37 PM,24
1850,1850,MiMs,2015-10-25,Sunday,10:37 PM,14
1851,1851,Damo,2015-10-25,Sunday,09:56 AM,14
1852,1852,MiMs,2015-10-24,Saturday,11:50 PM,12
1853,1853,Damo,2015-10-24,Saturday,11:50 PM,81
1854,1854,Damo,2015-10-24,Saturday,07:28 PM,20
1855,1855,Damo,2015-10-24,Saturday,12:11 AM,42
1856,1856,MiMs,2015-10-24,Saturday,12:11 AM,45
1857,1857,MiMs,2015-10-23,Friday,11:57 PM,65
1858,1858,Damo,2015-10-23,Friday,11:55 PM,32
1859,1859,Damo,2015-10-22,Thursday,11:30 PM,19
1860,1860,MiMs,2015-10-22,Thursday,11:30 PM,10
1861,1861,MiMs,2015-10-22,Thursday,09:36 PM,14
1862,1862,Damo,2015-10-22,Thursday,09:36 PM,14
1863,1863,Damo,2015-10-21,Wednesday,11:53 PM,40
1864,1864,MiMs,2015-10-21,Wednesday,11:46 PM,18
1865,1865,Damo,2015-10-20,Tuesday,11:45 PM,54
1866,1866,MiMs,2015-10-20,Tuesday,11:42 PM,103
1867,1867,Damo,2015-10-20,Tuesday,11:02 PM,30
1868,1868,Damo,2015-10-20,Tuesday,04:14 PM,14
1869,1869,MiMs,2015-10-20,Tuesday,04:08 PM,24
1870,1870,Damo,2015-10-15,Thursday,11:34 PM,53
1871,1871,MiMs,2015-10-15,Thursday,10:08 AM,22
1872,1872,Damo,2015-10-15,Thursday,10:08 AM,10
1873,1873,Damo,2015-10-14,Wednesday,11:15 PM,22
1874,1874,MiMs,2015-10-14,Wednesday,11:14 PM,8
1875,1875,Damo,2015-10-14,Wednesday,10:01 AM,55
1876,1876,MiMs,2015-10-14,Wednesday,10:00 AM,41
1877,1877,Damo,2015-10-14,Wednesday,09:55 AM,35
1878,1878,Damo,2015-10-12,Monday,10:13 PM,36
1879,1879,MiMs,2015-10-12,Monday,10:12 PM,10
1880,1880,MiMs,2015-10-11,Sunday,09:59 PM,11
1881,1881,Damo,2015-10-11,Sunday,09:58 PM,14
1882,1882,MiMs,2015-10-10,Saturday,10:05 PM,10
1883,1883,Damo,2015-10-09,Friday,11:33 PM,29
1884,1884,MiMs,2015-10-09,Friday,11:21 PM,15
1885,1885,Damo,2015-10-08,Thursday,11:04 PM,15
1886,1886,MiMs,2015-10-08,Thursday,11:00 PM,15
1887,1887,MiMs,2015-10-07,Wednesday,10:47 PM,24
1888,1888,MiMs,2015-10-07,Wednesday,01:35 PM,107
1889,1889,Damo,2015-10-06,Tuesday,09:56 PM,21
1890,1890,MiMs,2015-10-06,Tuesday,09:53 PM,8
1891,1891,Damo,2015-10-06,Tuesday,07:35 AM,94
1892,1892,Damo,2015-10-05,Monday,11:08 PM,13
1893,1893,MiMs,2015-10-05,Monday,10:12 PM,10
1894,1894,MiMs,2015-10-04,Sunday,05:35 PM,16
1895,1895,Damo,2015-10-04,Sunday,05:35 PM,10
1896,1896,Damo,2015-10-04,Sunday,01:59 AM,16
1897,1897,MiMs,2015-10-04,Sunday,01:55 AM,10
1898,1898,Damo,2015-10-03,Saturday,05:33 PM,12
1899,1899,MiMs,2015-10-03,Saturday,09:53 AM,18
1900,1900,Damo,2015-10-03,Saturday,12:39 AM,18
1901,1901,MiMs,2015-10-03,Saturday,12:28 AM,10
1902,1902,Damo,2015-10-02,Friday,01:04 AM,14
1903,1903,Damo,2015-10-01,Thursday,01:21 PM,90
1904,1904,Damo,2015-10-01,Thursday,10:22 AM,31
1905,1905,Damo,2015-10-01,Thursday,12:31 AM,34
1906,1906,MiMs,2015-09-30,Wednesday,11:29 PM,8
1907,1907,MiMs,2015-09-29,Tuesday,10:26 PM,19
1908,1908,Damo,2015-09-29,Tuesday,10:26 PM,49
1909,1909,MiMs,2015-09-29,Tuesday,09:25 PM,10
